250.0,150.0,100.0,-1.0,-0.0,0.0
250.0,147.00000000000009,100.0,-1.0,-0.0,0.0
250.0,144.00000000000009,100.0,-1.0,-0.0,0.0
250.0,141.00000000000009,100.0,-1.0,-0.0,0.0
250.0,138.00000000000009,100.0,-1.0,-0.0,0.0
250.0,135.00000000000006,100.0,-1.0,-0.0,0.0
250.0,132.00000000000006,100.0,-1.0,-0.0,0.0
250.0,129.00000000000006,100.0,-1.0,-0.0,0.0
250.0,126.00000000000006,100.0,-1.0,-0.0,0.0
250.0,123.00000000000006,100.0,-1.0,-0.0,0.0
250.0,120.00000000000006,100.0,-1.0,-0.0,0.0
250.0,117.00000000000006,100.0,-1.0,-0.0,0.0
250.0,114.00000000000006,100.0,-1.0,-0.0,0.0
250.0,111.00000000000004,100.0,-1.0,-0.0,0.0
250.0,108.00000000000004,100.0,-1.0,-0.0,0.0
250.0,105.00000000000004,100.0,-1.0,-0.0,0.0
250.0,102.00000000000004,100.0,-1.0,-0.0,0.0
250.0,99.00000000000004,100.0,-1.0,-0.0,0.0
250.0,96.00000000000003,100.0,-1.0,-0.0,0.0
250.0,93.00000000000003,100.0,-1.0,-0.0,0.0
250.0,90.00000000000003,100.0,-1.0,-0.0,0.0
250.0,87.00000000000003,100.0,-1.0,-0.0,0.0
250.0,84.00000000000003,100.0,-1.0,-0.0,0.0
250.0,81.00000000000003,100.0,-1.0,-0.0,0.0
250.0,78.00000000000001,100.0,-1.0,-0.0,0.0
250.0,75.00000000000001,100.0,-1.0,-0.0,0.0
250.0,72.00000000000003,100.0,-1.0,-0.0,0.0
250.0,69.00000000000001,100.0,-1.0,-0.0,0.0
250.0,66.00000000000001,100.0,-1.0,-0.0,0.0
250.0,63.000000000000014,100.0,-1.0,-0.0,0.0
250.0,60.000000000000014,100.0,-1.0,-0.0,0.0
250.0,57.00000000000001,100.0,-1.0,-0.0,0.0
250.0,54.00000000000001,100.0,-1.0,-0.0,0.0
250.0,51.00000000000001,100.0,-1.0,-0.0,0.0
250.0,48.0,100.0,-1.0,-0.0,0.0
250.0,45.0,100.0,-1.0,-0.0,0.0
250.0,41.99999999999999,100.0,-1.0,-0.0,0.0
250.0,38.99999999999999,100.0,-1.0,-0.0,0.0
250.0,35.99999999999999,100.0,-1.0,-0.0,0.0
250.0,32.99999999999999,100.0,-1.0,-0.0,0.0
250.0,29.999999999999996,100.0,-1.0,-0.0,0.0
250.0,27.0,100.0,-1.0,-0.0,0.0
250.0,24.0,100.0,-1.0,-0.0,0.0
250.0,21.000000000000004,100.0,-1.0,-0.0,0.0
250.0,18.0,100.0,-1.0,-0.0,0.0
250.0,15.0,100.0,-1.0,-0.0,0.0
250.0,12.0,100.0,-1.0,-0.0,0.0
250.0,9.0,100.0,-1.0,-0.0,0.0
250.0,6.0,100.0,-1.0,-0.0,0.0
250.0,3.0,100.0,-1.0,-0.0,0.0
250.0,0.0,100.0,-1.0,-0.0,0.0
208.33333333333334,0.0,100.0,-0.9330127018922194,0.06698729810778065,0.35355339059327373
166.66666666666669,0.0,100.0,-0.7500000000000002,0.24999999999999986,0.6123724356957945
125.0,0.0,100.0,-0.5,0.49999999999999983,0.7071067811865477
83.33333333333334,0.0,100.0,-0.2500000000000002,0.75,0.6123724356957947
41.66666666666666,0.0,100.0,-0.0669872981077807,0.9330127018922193,0.35355339059327384
0.0,0.0,100.0,0.0,1.0,0.0
2.9761904761908227,0.0,100.0,0.0,1.0,0.0
5.952380952381304,0.0,100.0,0.0,1.0,0.0
8.928571428571757,0.0,100.0,0.0,1.0,0.0
11.90476190476221,0.0,100.0,0.0,1.0,0.0
14.880952380952692,0.0,100.0,0.0,1.0,0.0
17.857142857143145,0.0,100.0,0.0,1.0,0.0
20.833333333333627,0.0,100.0,0.0,1.0,0.0
23.80952380952408,0.0,100.0,0.0,1.0,0.0
26.785714285714562,0.0,100.0,0.0,1.0,0.0
29.761904761905015,0.0,100.0,0.0,1.0,0.0
32.7380952380955,0.0,100.0,0.0,1.0,0.0
35.71428571428595,0.0,100.0,0.0,1.0,0.0
38.6904761904764,0.0,100.0,0.0,1.0,0.0
41.666666666666885,0.0,100.0,0.0,1.0,0.0
44.64285714285734,0.0,100.0,0.0,1.0,0.0
47.61904761904782,0.0,100.0,0.0,1.0,0.0
50.59523809523827,0.0,100.0,0.0,1.0,0.0
53.571428571428754,0.0,100.0,0.0,1.0,0.0
56.54761904761921,0.0,100.0,0.0,1.0,0.0
59.52380952380966,0.0,100.0,0.0,1.0,0.0
62.50000000000014,0.0,100.0,0.0,1.0,0.0
65.4761904761906,0.0,100.0,0.0,1.0,0.0
68.45238095238108,0.0,100.0,0.0,1.0,0.0
71.42857142857153,0.0,100.0,0.0,1.0,0.0
74.40476190476201,0.0,100.0,0.0,1.0,0.0
77.38095238095246,0.0,100.0,0.0,1.0,0.0
80.35714285714295,0.0,100.0,0.0,1.0,0.0
83.3333333333334,0.0,100.0,0.0,1.0,0.0
86.30952380952385,0.0,100.0,0.0,1.0,0.0
89.28571428571433,0.0,100.0,0.0,1.0,0.0
92.26190476190479,0.0,100.0,0.0,1.0,0.0
95.23809523809527,0.0,100.0,0.0,1.0,0.0
98.21428571428572,0.0,100.0,0.0,1.0,0.0
101.1904761904762,0.0,100.0,0.0,1.0,0.0
104.16666666666666,0.0,100.0,0.0,1.0,0.0
107.14285714285711,0.0,100.0,0.0,1.0,0.0
110.11904761904759,0.0,100.0,0.0,1.0,0.0
113.09523809523805,0.0,100.0,0.0,1.0,0.0
116.07142857142853,0.0,100.0,0.0,1.0,0.0
119.04761904761898,0.0,100.0,0.0,1.0,0.0
122.02380952380945,0.0,100.0,0.0,1.0,0.0
124.99999999999991,0.0,100.0,0.0,1.0,0.0
127.97619047619038,0.0,100.0,0.0,1.0,0.0
130.95238095238085,0.0,100.0,0.0,1.0,0.0
133.92857142857133,0.0,100.0,0.0,1.0,0.0
136.9047619047618,0.0,100.0,0.0,1.0,0.0
139.8809523809523,0.0,100.0,0.0,1.0,0.0
142.85714285714278,0.0,100.0,0.0,1.0,0.0
145.83333333333326,0.0,100.0,0.0,1.0,0.0
148.80952380952374,0.0,100.0,0.0,1.0,0.0
151.78571428571422,0.0,100.0,0.0,1.0,0.0
154.7619047619047,0.0,100.0,0.0,1.0,0.0
157.73809523809518,0.0,100.0,0.0,1.0,0.0
160.71428571428567,0.0,100.0,0.0,1.0,0.0
163.69047619047615,0.0,100.0,0.0,1.0,0.0
166.66666666666663,0.0,100.0,0.0,1.0,0.0
169.6428571428571,0.0,100.0,0.0,1.0,0.0
172.6190476190476,0.0,100.0,0.0,1.0,0.0
175.59523809523807,0.0,100.0,0.0,1.0,0.0
178.57142857142853,0.0,100.0,0.0,1.0,0.0
181.547619047619,0.0,100.0,0.0,1.0,0.0
184.5238095238095,0.0,100.0,0.0,1.0,0.0
187.49999999999997,0.0,100.0,0.0,1.0,0.0
190.47619047619045,0.0,100.0,0.0,1.0,0.0
193.45238095238093,0.0,100.0,0.0,1.0,0.0
196.4285714285714,0.0,100.0,0.0,1.0,0.0
199.40476190476187,0.0,100.0,0.0,1.0,0.0
202.38095238095235,0.0,100.0,0.0,1.0,0.0
205.35714285714283,0.0,100.0,0.0,1.0,0.0
208.33333333333331,0.0,100.0,0.0,1.0,0.0
211.3095238095238,0.0,100.0,0.0,1.0,0.0
214.28571428571428,0.0,100.0,0.0,1.0,0.0
217.26190476190476,0.0,100.0,0.0,1.0,0.0
220.23809523809524,0.0,100.0,0.0,1.0,0.0
223.21428571428572,0.0,100.0,0.0,1.0,0.0
226.1904761904762,0.0,100.0,0.0,1.0,0.0
229.16666666666666,0.0,100.0,0.0,1.0,0.0
232.14285714285714,0.0,100.0,0.0,1.0,0.0
235.11904761904762,0.0,100.0,0.0,1.0,0.0
238.0952380952381,0.0,100.0,0.0,1.0,0.0
241.07142857142856,0.0,100.0,0.0,1.0,0.0
244.04761904761904,0.0,100.0,0.0,1.0,0.0
247.02380952380952,0.0,100.0,0.0,1.0,0.0
250.0,0.0,100.0,0.0,1.0,0.0
