325.0,250.0,50.0,-0.7071067811865476,0.0,-0.7071067811865476
324.94070479204765,252.9817386322694,50.0,-0.7065477406047478,-0.028112101421381364,-0.7071067811865476
324.7629129261022,255.95876252287857,50.0,-0.7048715028174166,-0.05617975183210263,-0.7071067811865476
324.466905527648,258.92636438514285,50.0,-0.7020807183010388,-0.08415857050768792,-0.7071067811865476
324.053150645225,261.8798518305411,50.0,-0.6981797998595676,-0.11200431718489379,-0.7071067811865476
323.5223025103477,264.81455478834647,50.0,-0.6931749156468746,-0.13967296201465912,-0.7071067811865475
322.8752005030308,267.7258328899679,50.0,-0.6870739794136314,-0.16712075518234423,-0.7071067811865475
322.11286782455653,270.6090828063269,50.0,-0.6798866379940417,-0.19430429608518454,-0.7071067811865476
321.2365098795837,273.459745526667,50.0,-0.6716242560522151,-0.22118060195756029,-0.7071067811865476
320.2475123701546,276.27331356728683,50.0,-0.6622998981122961,-0.24770717583558724,-0.7071067811865475
319.1474391046155,279.0453380987981,50.0,-0.6519283079007664,-0.2738420737535481,-0.7071067811865476
317.9380295249142,281.7714359806396,50.0,-0.6405258850335833,-0.29954397106592706,-0.7071067811865476
316.6211959561849,284.44729669172335,50.0,-0.6281106590850152,-0.3247722277901667,-0.7071067811865476
315.19902058296867,287.0686891462542,50.0,-0.6147022610791795,-0.3494869528668337,-0.7071067811865476
313.6737521568523,289.63146838394647,50.0,-0.6003218924493575,-0.3736490672355842,-0.7071067811865476
312.0478024407293,292.13158212405784,50.0,-0.5849922915141719,-0.3972203656271896,-0.7071067811865476
310.32374239530736,294.5650771728783,50.0,-0.56873769752363,-0.42016357697392087,-0.7071067811865476
308.5042981138909,296.928105674542,50.0,-0.5515838123318881,-0.4424424233427672,-0.7071067811865475
306.5923465118672,299.21693119527816,50.0,-0.5335577597573359,-0.46402167729830596,-0.7071067811865475
304.59091077771205,301.427934631481,50.0,-0.5146880426942665,-0.48486721760451595,-0.7071067811865475
302.5031555927069,303.5576199322562,50.0,-0.4950044980439395,-0.5049460831774691,-0.7071067811865476
300.33238212692777,305.6026196273964,50.0,-0.47453824953630935,-0.524226525203576,-0.7071067811865476
298.08202281941647,307.5597001520431,50.0,-0.45332165851700956,-0.5426780573409872,-0.7071067811865475
295.7556359507893,309.4257669596181,50.0,-0.4313882727774147,-0.5602715039247659,-0.7071067811865475
293.3569000168636,311.1978694149371,50.0,-0.4087727735086853,-0.5769790460996111,-0.7071067811865475
290.88960791220006,312.87320545977076,50.0,-0.38551092046367696,-0.5927742658071863,-0.7071067811865475
288.35766093275663,314.4491260434746,50.0,-0.3616394954134202,-0.6076321875584989,-0.7071067811865475
285.7650626071379,315.9231393116826,50.0,-0.3371962439875818,-0.6215293179252829,-0.7071067811865475
283.11591236619336,317.29291454644095,50.0,-0.31221981599086346,-0.6344436826879368,-0.7071067811865476
280.41439906097446,318.5562858515526,50.0,-0.2867497042897176,-0.6463548615812831,-0.7071067811865476
277.66479433930056,319.7112555773041,50.0,-0.26082618236600835,-0.657244020583203,-0.7071067811865477
274.871445891405,320.7559974791601,50.0,-0.2344902406363572,-0.6670939416950984,-0.7071067811865477
272.038770575344,321.68885960543207,50.0,-0.2077835216378707,-0.6758890501670851,-0.7071067811865476
269.17124743303555,322.5083669093528,50.0,-0.18074825418272839,-0.6836154391248752,-0.7071067811865475
266.2734106079738,323.21322358142885,50.0,-0.1534271865857516,-0.6902608915594024,-0.7071067811865476
263.3498421758162,323.80231509838154,50.0,-0.1258635190705308,-0.6958148996444257,-0.7071067811865476
260.40516489918,324.27470998543765,50.0,-0.09810083546099248,-0.700268681351562,-0.7071067811865476
257.44403491810453,324.6296612891821,50.0,-0.0701830342664155,-0.7036151943364777,-0.7071067811865476
254.4711343877364,324.866607758645,50.0,-0.042154259268863715,-0.7058491470742835,-0.7071067811865475
251.4911640748802,324.9851747327549,50.0,-0.01405882972279411,-0.7069670072265223,-0.7071067811865476
248.50883592511966,324.9851747327549,50.0,0.014058829722795436,-0.7069670072265223,-0.7071067811865476
245.52886561226344,324.866607758645,50.0,0.04215425926886504,-0.7058491470742834,-0.7071067811865475
242.55596508189532,324.6296612891821,50.0,0.0701830342664168,-0.7036151943364776,-0.7071067811865476
239.59483510081984,324.27470998543765,50.0,0.09810083546099378,-0.7002686813515617,-0.7071067811865475
236.65015782418368,323.80231509838154,50.0,0.125863519070532,-0.6958148996444256,-0.7071067811865475
233.7265893920261,323.2132235814288,50.0,0.15342718658575244,-0.6902608915594022,-0.7071067811865476
230.82875256696437,322.5083669093528,50.0,0.18074825418272916,-0.683615439124875,-0.7071067811865476
227.96122942465593,321.68885960543207,50.0,0.20778352163787123,-0.675889050167085,-0.7071067811865476
225.12855410859493,320.7559974791601,50.0,0.2344902406363576,-0.6670939416950984,-0.7071067811865476
222.33520566069942,319.71125557730403,50.0,0.26082618236600874,-0.6572440205832029,-0.7071067811865476
219.58560093902548,318.5562858515526,50.0,0.2867497042897178,-0.6463548615812829,-0.7071067811865476
216.88408763380664,317.2929145464409,50.0,0.3122198159908637,-0.6344436826879366,-0.7071067811865476
214.2349373928621,315.9231393116826,50.0,0.3371962439875819,-0.6215293179252828,-0.7071067811865475
211.6423390672434,314.4491260434746,50.0,0.3616394954134201,-0.6076321875584991,-0.7071067811865475
209.11039208779997,312.87320545977076,50.0,0.3855109204636768,-0.5927742658071863,-0.7071067811865475
206.64309998313644,311.19786941493714,50.0,0.40877277350868485,-0.5769790460996114,-0.7071067811865476
204.24436404921073,309.4257669596181,50.0,0.43138827277741437,-0.5602715039247661,-0.7071067811865476
201.91797718058356,307.55970015204315,50.0,0.4533216585170091,-0.5426780573409876,-0.7071067811865476
199.66761787307234,305.60261962739645,50.0,0.4745382495363085,-0.5242265252035767,-0.7071067811865476
197.49684440729317,303.55761993225633,50.0,0.49500449804393876,-0.5049460831774699,-0.7071067811865475
195.40908922228803,301.4279346314811,50.0,0.5146880426942656,-0.4848672176045169,-0.7071067811865475
193.4076534881328,299.2169311952783,50.0,0.5335577597573353,-0.4640216772983066,-0.7071067811865475
191.49570188610917,296.9281056745421,50.0,0.5515838123318872,-0.44244242334276823,-0.7071067811865475
189.67625760469275,294.56507717287843,50.0,0.5687376975236292,-0.4201635769739221,-0.7071067811865475
187.9521975592708,292.13158212405796,50.0,0.5849922915141712,-0.39722036562719065,-0.7071067811865475
186.3262478431478,289.63146838394664,50.0,0.6003218924493566,-0.37364906723558555,-0.7071067811865476
184.80097941703139,287.06868914625437,50.0,0.6147022610791786,-0.3494869528668352,-0.7071067811865475
183.3788040438152,284.4472966917235,50.0,0.6281106590850144,-0.32477222779016834,-0.7071067811865476
182.06197047508584,281.7714359806398,50.0,0.6405258850335823,-0.299543971065929,-0.7071067811865477
180.85256089538458,279.04533809879825,50.0,0.6519283079007656,-0.2738420737535499,-0.7071067811865476
179.7524876298455,276.27331356728706,50.0,0.6622998981122951,-0.2477071758355894,-0.7071067811865475
178.76349012041638,273.4597455266673,50.0,0.6716242560522142,-0.22118060195756273,-0.7071067811865476
177.88713217544353,270.60908280632714,50.0,0.679886637994041,-0.19430429608518668,-0.7071067811865475
177.12479949696933,267.7258328899681,50.0,0.6870739794136307,-0.16712075518234637,-0.7071067811865476
176.47769748965234,264.8145547883467,50.0,0.6931749156468742,-0.13967296201466126,-0.7071067811865476
175.94684935477505,261.8798518305414,50.0,0.6981797998595671,-0.11200431718489663,-0.7071067811865476
175.53309447235205,258.9263643851432,50.0,0.7020807183010384,-0.0841585705076912,-0.7071067811865476
175.23708707389784,255.95876252287889,50.0,0.7048715028174164,-0.05617975183210549,-0.7071067811865476
175.05929520795237,252.98173863226975,50.0,0.7065477406047478,-0.02811210142138447,-0.7071067811865476
175.0,250.0000000000003,50.0,0.7071067811865476,-2.9127620312543445e-15,-0.7071067811865476
175.05929520795235,247.01826136773087,50.0,0.7065477406047479,0.028112101421378644,-0.7071067811865475
175.23708707389778,244.0412374771217,50.0,0.704871502817417,0.056179751832099674,-0.7071067811865476
175.53309447235196,241.0736356148574,50.0,0.7020807183010391,0.08415857050768541,-0.7071067811865476
175.94684935477494,238.12014816945913,50.0,0.6981797998595679,0.1120043171848915,-0.7071067811865476
176.47769748965223,235.1854452116538,50.0,0.6931749156468752,0.13967296201465615,-0.7071067811865476
177.1247994969692,232.27416711003235,50.0,0.6870739794136318,0.16712075518234187,-0.7071067811865476
177.8871321754434,229.3909171936733,50.0,0.6798866379940421,0.19430429608518257,-0.7071067811865476
178.76349012041624,226.54025447333316,50.0,0.6716242560522157,0.22118060195755837,-0.7071067811865476
179.75248762984535,223.72668643271336,50.0,0.6622998981122967,0.24770717583558513,-0.7071067811865475
180.85256089538444,220.9546619012021,50.0,0.6519283079007671,0.2738420737535463,-0.7071067811865476
182.06197047508567,218.22856401936053,50.0,0.6405258850335839,0.2995439710659257,-0.7071067811865476
183.37880404381505,215.55270330827676,50.0,0.6281106590850157,0.32477222779016574,-0.7071067811865476
184.80097941703127,212.93131085374588,50.0,0.6147022610791799,0.3494869528668328,-0.7071067811865477
186.32624784314766,210.36853161605362,50.0,0.6003218924493581,0.3736490672355833,-0.7071067811865475
187.95219755927064,207.86841787594227,50.0,0.5849922915141726,0.39722036562718843,-0.7071067811865476
189.67625760469258,205.43492282712177,50.0,0.5687376975236306,0.4201635769739201,-0.7071067811865475
191.49570188610906,203.07189432545803,50.0,0.5515838123318886,0.44244242334276684,-0.7071067811865475
193.40765348813272,200.78306880472184,50.0,0.5335577597573362,0.4640216772983055,-0.7071067811865476
195.40908922228795,198.57206536851902,50.0,0.5146880426942665,0.4848672176045159,-0.7071067811865477
197.49684440729308,196.44238006774378,50.0,0.49500449804393976,0.504946083177469,-0.7071067811865476
199.66761787307223,194.39738037260364,50.0,0.47453824953630963,0.5242265252035758,-0.7071067811865476
201.9179771805835,192.4402998479569,50.0,0.45332165851701023,0.5426780573409867,-0.7071067811865475
204.24436404921067,190.57423304038193,50.0,0.4313882727774152,0.5602715039247653,-0.7071067811865476
206.64309998313638,188.8021305850629,50.0,0.40877277350868574,0.5769790460996109,-0.7071067811865475
209.11039208779997,187.12679454022924,50.0,0.38551092046367724,0.5927742658071861,-0.7071067811865476
211.64233906724343,185.55087395652538,50.0,0.3616394954134198,0.6076321875584993,-0.7071067811865476
214.23493739286215,184.07686068831742,50.0,0.33719624398758125,0.6215293179252831,-0.7071067811865475
216.88408763380673,182.70708545355902,50.0,0.31221981599086274,0.6344436826879372,-0.7071067811865475
219.5856009390256,181.44371414844733,50.0,0.2867497042897169,0.6463548615812833,-0.7071067811865475
222.33520566069956,180.2887444226959,50.0,0.26082618236600746,0.6572440205832034,-0.7071067811865476
225.12855410859507,179.24400252083984,50.0,0.2344902406363563,0.6670939416950987,-0.7071067811865476
227.9612294246561,178.31114039456787,50.0,0.20778352163786962,0.6758890501670856,-0.7071067811865476
230.82875256696457,177.49163309064716,50.0,0.1807482541827272,0.6836154391248754,-0.7071067811865476
233.72658939202634,176.78677641857115,50.0,0.15342718658575036,0.6902608915594026,-0.7071067811865476
236.65015782418394,176.1976849016184,50.0,0.1258635190705295,0.6958148996444259,-0.7071067811865476
239.5948351008201,175.72529001456235,50.0,0.09810083546099133,0.7002686813515621,-0.7071067811865476
242.5559650818956,175.37033871081792,50.0,0.07018303426641417,0.7036151943364778,-0.7071067811865476
245.52886561226381,175.133392241355,50.0,0.042154259268861606,0.7058491470742836,-0.7071067811865476
248.50883592512005,175.01482526724507,50.0,0.014058829722791688,0.7069670072265223,-0.7071067811865476
251.4911640748806,175.0148252672451,50.0,-0.0140588297227977,0.7069670072265222,-0.7071067811865475
254.47113438773684,175.13339224135504,50.0,-0.04215425926886763,0.7058491470742833,-0.7071067811865476
257.444034918105,175.37033871081798,50.0,-0.07018303426641953,0.7036151943364772,-0.7071067811865476
260.4051648991805,175.7252900145624,50.0,-0.09810083546099664,0.7002686813515614,-0.7071067811865476
263.3498421758166,176.19768490161852,50.0,-0.1258635190705342,0.6958148996444251,-0.7071067811865475
266.2734106079742,176.78677641857126,50.0,-0.15342718658575494,0.6902608915594016,-0.7071067811865475
269.171247433036,177.49163309064733,50.0,-0.1807482541827324,0.6836154391248741,-0.7071067811865476
272.0387705753444,178.31114039456804,50.0,-0.2077835216378742,0.6758890501670841,-0.7071067811865475
274.8714458914055,179.24400252084004,50.0,-0.23449024063636134,0.667093941695097,-0.7071067811865475
277.664794339301,180.28874442269614,50.0,-0.26082618236601246,0.6572440205832014,-0.7071067811865476
280.414399060975,181.4437141484476,50.0,-0.2867497042897225,0.646354861581281,-0.7071067811865475
283.1159123661938,182.7070854535593,50.0,-0.3122198159908676,0.6344436826879347,-0.7071067811865477
285.7650626071384,184.0768606883177,50.0,-0.3371962439875865,0.6215293179252802,-0.7071067811865475
288.3576609327571,185.5508739565257,50.0,-0.36163949541342494,0.6076321875584962,-0.7071067811865476
290.8896079122005,187.12679454022955,50.0,-0.38551092046368124,0.5927742658071834,-0.7071067811865476
293.3569000168641,188.80213058506325,50.0,-0.4087727735086897,0.576979046099608,-0.7071067811865476
295.7556359507898,190.57423304038227,50.0,-0.4313882727774191,0.5602715039247625,-0.7071067811865475
298.0820228194169,192.44029984795725,50.0,-0.4533216585170133,0.5426780573409841,-0.7071067811865476
300.33238212692817,194.39738037260403,50.0,-0.47453824953631335,0.5242265252035723,-0.7071067811865475
302.50315559270734,196.44238006774418,50.0,-0.4950044980439435,0.5049460831774654,-0.7071067811865475
304.59091077771245,198.57206536851945,50.0,-0.5146880426942703,0.4848672176045119,-0.7071067811865476
306.59234651186773,200.78306880472235,50.0,-0.5335577597573402,0.4640216772983009,-0.7071067811865475
308.5042981138913,203.07189432545854,50.0,-0.5515838123318921,0.4424424233427622,-0.7071067811865475
310.32374239530776,205.43492282712225,50.0,-0.5687376975236338,0.420163576973916,-0.7071067811865476
312.0478024407297,207.86841787594275,50.0,-0.5849922915141759,0.397220365627184,-0.7071067811865476
313.6737521568527,210.36853161605416,50.0,-0.6003218924493612,0.37364906723557845,-0.7071067811865476
315.19902058296907,212.93131085374642,50.0,-0.6147022610791828,0.34948695286682785,-0.7071067811865476
316.6211959561852,215.5527033082773,50.0,-0.6281106590850184,0.3247722277901607,-0.7071067811865475
317.93802952491455,218.22856401936107,50.0,-0.6405258850335862,0.29954397106592084,-0.7071067811865476
319.1474391046158,220.9546619012026,50.0,-0.6519283079007688,0.2738420737535422,-0.7071067811865476
320.2475123701548,223.7266864327139,50.0,-0.6622998981122985,0.2477071758355804,-0.7071067811865476
321.23650987958393,226.5402544733337,50.0,-0.6716242560522173,0.22118060195755354,-0.7071067811865475
322.11286782455676,229.3909171936739,50.0,-0.6798866379940438,0.19430429608517685,-0.7071067811865476
322.87520050303095,232.27416711003298,50.0,-0.6870739794136332,0.1671207551823364,-0.7071067811865476
323.5223025103479,235.18544521165438,50.0,-0.6931749156468763,0.1396729620146509,-0.7071067811865476
324.0531506452252,238.12014816945975,50.0,-0.6981797998595688,0.11200431718488582,-0.7071067811865476
324.4669055276481,241.073635614858,50.0,-0.7020807183010397,0.08415857050767975,-0.7071067811865476
324.7629129261023,244.0412374771223,50.0,-0.7048715028174174,0.056179751832094296,-0.7071067811865476
324.94070479204765,247.01826136773147,50.0,-0.7065477406047481,0.028112101421372944,-0.7071067811865476
