400.0,300.0,50.0,0.0,0.0,-1.0
399.95524322835035,302.99154661693984,50.0,-0.0,0.0,-1.0
399.82101297677355,305.98041539450344,50.0,-0.0,0.0,-1.0
399.5974293995239,308.96393089034336,50.0,-0.0,0.0,-1.0
399.2846926341837,311.93942245402445,50.0,-0.0,0.0,-1.0
398.88308262251286,314.90422661761744,50.0,-0.0,0.0,-1.0
398.392958859863,317.85568947986366,50.0,-0.0,0.0,-1.0
397.81476007338057,320.79116908177593,50.0,-0.0,0.0,-1.0
397.14900382928676,323.70803777154975,50.0,-0.0,0.0,-1.0
396.39628606958536,326.60368455666753,50.0,-0.0,0.0,-1.0
395.55728057861404,329.47551744109046,50.0,-0.0,0.0,-1.0
394.6327383799164,332.320965745446,50.0,-0.0,0.0,-1.0
393.6234870639737,335.1374824081343,50.0,-0.0,0.0,-1.0
392.5304300473997,337.92254626529285,50.0,-0.0,0.0,-1.0
391.3545457642601,340.67366430758005,50.0,-0.0,0.0,-1.0
390.0968867902419,343.3883739117558,50.0,-0.0,0.0,-1.0
388.7585789004554,346.0642450450632,50.0,-0.0,0.0,-1.0
387.340820061713,348.6988824404367,50.0,-0.0,0.0,-1.0
385.8448793601866,351.28992774059066,50.0,-0.0,0.0,-1.0
384.2720958654039,353.83506160906825,50.0,-0.0,0.0,-1.0
382.6238774315995,356.3320058063622,50.0,-0.0,0.0,-1.0
380.90169943749476,358.7785252292473,50.0,-0.0,0.0,-1.0
379.1071034656341,361.1724299115006,50.0,-0.0,0.0,-1.0
377.24169592245994,363.51157698421787,50.0,-0.0,0.0,-1.0
375.3071466003611,365.7938725939713,50.0,-0.0,0.0,-1.0
373.30518718298265,368.01727377709193,50.0,-0.0,0.0,-1.0
371.2376096951345,370.17979028839915,50.0,-0.0,0.0,-1.0
369.1062648986865,372.27948638273915,50.0,-0.0,0.0,-1.0
366.9130606358858,374.31448254773943,50.0,-0.0,0.0,-1.0
364.65996012157996,376.28295718622667,50.0,-0.0,0.0,-1.0
362.34898018587336,378.183148246803,50.0,-0.0,0.0,-1.0
359.9821894687914,380.0133548011206,50.0,-0.0,0.0,-1.0
357.56170656856733,381.77193856644317,50.0,-0.0,0.0,-1.0
355.0896981452102,383.4573253721303,50.0,-0.0,0.0,-1.0
352.56837698105045,385.06800656873395,50.0,-0.0,0.0,-1.0
350.0,386.6025403784439,50.0,-0.0,0.0,-1.0
347.38686624729985,388.05955318567385,50.0,-0.0,0.0,-1.0
344.7313148315632,389.4377407666337,50.0,-0.0,0.0,-1.0
342.0357228309565,390.73586945678653,50.0,-0.0,0.0,-1.0
339.3025031653923,391.95277725514507,50.0,-0.0,0.0,-1.0
336.53410243663944,393.08737486442044,50.0,-0.0,0.0,-1.0
333.73299873828296,394.1386466660903,50.0,-0.0,0.0,-1.0
330.90169943749464,395.10565162951536,50.0,-0.0,0.0,-1.0
328.0427389306002,395.98752415428896,50.0,-0.0,0.0,-1.0
325.15867637445075,396.7834748450667,50.0,-0.0,0.0,-1.0
322.25209339563133,397.4927912181824,50.0,-0.0,0.0,-1.0
319.3255917795552,398.1148383394173,50.0,-0.0,0.0,-1.0
316.38179114151365,398.64905939235217,50.0,-0.0,0.0,-1.0
313.4233265817654,399.09497617679347,50.0,-0.0,0.0,-1.0
310.4528463267652,399.45218953682735,50.0,-0.0,0.0,-1.0
307.4730093586423,399.720379718118,50.0,-0.0,0.0,-1.0
304.4864830350513,399.89930665413146,50.0,-0.0,0.0,-1.0
301.4959407015262,399.98881018102736,50.0,-0.0,0.0,-1.0
298.50405929847346,399.98881018102736,50.0,-0.0,0.0,-1.0
295.51351696494834,399.89930665413146,50.0,-0.0,0.0,-1.0
292.52699064135743,399.720379718118,50.0,-0.0,0.0,-1.0
289.5471536732345,399.4521895368273,50.0,-0.0,0.0,-1.0
286.57667341823435,399.09497617679347,50.0,-0.0,0.0,-1.0
283.6182088584861,398.6490593923521,50.0,-0.0,0.0,-1.0
280.6744082204446,398.11483833941725,50.0,-0.0,0.0,-1.0
277.7479066043685,397.49279121818233,50.0,-0.0,0.0,-1.0
274.8413236255491,396.7834748450666,50.0,-0.0,0.0,-1.0
271.95726106939964,395.98752415428885,50.0,-0.0,0.0,-1.0
269.0983005625052,395.10565162951536,50.0,-0.0,0.0,-1.0
266.2670012617169,394.13864666609027,50.0,-0.0,0.0,-1.0
263.4658975633605,393.08737486442044,50.0,-0.0,0.0,-1.0
260.6974968346076,391.95277725514507,50.0,-0.0,0.0,-1.0
257.96427716904344,390.7358694567865,50.0,-0.0,0.0,-1.0
255.26868516843672,389.4377407666337,50.0,-0.0,0.0,-1.0
252.61313375270015,388.0595531856738,50.0,-0.0,0.0,-1.0
250.00000000000003,386.6025403784439,50.0,-0.0,0.0,-1.0
247.43162301894955,385.06800656873395,50.0,-0.0,0.0,-1.0
244.9103018547898,383.4573253721303,50.0,-0.0,0.0,-1.0
242.4382934314327,381.77193856644317,50.0,-0.0,0.0,-1.0
240.01781053120868,380.01335480112067,50.0,-0.0,0.0,-1.0
237.6510198141267,378.183148246803,50.0,-0.0,0.0,-1.0
235.3400398784201,376.28295718622667,50.0,-0.0,0.0,-1.0
233.08693936411424,374.3144825477395,50.0,-0.0,0.0,-1.0
230.8937351013136,372.2794863827392,50.0,-0.0,0.0,-1.0
228.76239030486562,370.1797902883992,50.0,-0.0,0.0,-1.0
226.69481281701746,368.01727377709204,50.0,-0.0,0.0,-1.0
224.692853399639,365.7938725939714,50.0,-0.0,0.0,-1.0
222.75830407754015,363.511576984218,50.0,-0.0,0.0,-1.0
220.89289653436597,361.1724299115008,50.0,-0.0,0.0,-1.0
219.09830056250536,358.77852522924746,50.0,-0.0,0.0,-1.0
217.3761225684006,356.33200580636236,50.0,-0.0,0.0,-1.0
215.7279041345962,353.83506160906836,50.0,-0.0,0.0,-1.0
214.15512063981348,351.28992774059077,50.0,-0.0,0.0,-1.0
212.65917993828714,348.69888244043693,50.0,-0.0,0.0,-1.0
211.2414210995447,346.06424504506344,50.0,-0.0,0.0,-1.0
209.9031132097582,343.38837391175605,50.0,-0.0,0.0,-1.0
208.64545423574003,340.6736643075802,50.0,-0.0,0.0,-1.0
207.4695699526004,337.9225462652931,50.0,-0.0,0.0,-1.0
206.37651293602636,335.13748240813453,50.0,-0.0,0.0,-1.0
205.36726162008367,332.3209657454463,50.0,-0.0,0.0,-1.0
204.44271942138602,329.4755174410907,50.0,-0.0,0.0,-1.0
203.60371393041476,326.60368455666776,50.0,-0.0,0.0,-1.0
202.85099617071333,323.70803777155004,50.0,-0.0,0.0,-1.0
202.1852399266195,320.7911690817762,50.0,-0.0,0.0,-1.0
201.60704114013708,317.855689479864,50.0,-0.0,0.0,-1.0
201.1169173774872,314.9042266176178,50.0,-0.0,0.0,-1.0
200.71530736581633,311.9394224540248,50.0,-0.0,0.0,-1.0
200.4025706004761,308.9639308903437,50.0,-0.0,0.0,-1.0
200.1789870232265,305.9804153945038,50.0,-0.0,0.0,-1.0
200.04475677164967,302.99154661694024,50.0,-0.0,0.0,-1.0
200.0,300.0000000000004,50.0,-0.0,0.0,-1.0
200.04475677164965,297.00845338306056,50.0,0.0,-0.0,-1.0
200.17898702322645,294.01958460549696,50.0,0.0,-0.0,-1.0
200.40257060047605,291.03606910965703,50.0,0.0,-0.0,-1.0
200.71530736581622,288.06057754597595,50.0,0.0,-0.0,-1.0
201.11691737748708,285.09577338238296,50.0,0.0,-0.0,-1.0
201.60704114013697,282.14431052013674,50.0,0.0,-0.0,-1.0
202.18523992661935,279.20883091822446,50.0,0.0,-0.0,-1.0
202.85099617071313,276.2919622284507,50.0,0.0,-0.0,-1.0
203.60371393041456,273.3963154433329,50.0,0.0,-0.0,-1.0
204.4427194213858,270.52448255891005,50.0,0.0,-0.0,-1.0
205.3672616200834,267.67903425455444,50.0,0.0,-0.0,-1.0
206.3765129360261,264.8625175918662,50.0,0.0,-0.0,-1.0
207.46956995260012,262.07745373470766,50.0,0.0,-0.0,-1.0
208.6454542357397,259.32633569242046,50.0,0.0,-0.0,-1.0
209.90311320975786,256.61162608824463,50.0,0.0,-0.0,-1.0
211.24142109954437,253.93575495493724,50.0,0.0,-0.0,-1.0
212.65917993828677,251.30111755956375,50.0,0.0,-0.0,-1.0
214.1551206398131,248.71007225940986,50.0,0.0,-0.0,-1.0
215.7279041345958,246.16493839093224,50.0,0.0,-0.0,-1.0
217.3761225684002,243.66799419363826,50.0,0.0,-0.0,-1.0
219.0983005625049,241.22147477075316,50.0,0.0,-0.0,-1.0
220.8928965343655,238.82757008849984,50.0,0.0,-0.0,-1.0
222.75830407753966,236.4884230157826,50.0,0.0,-0.0,-1.0
224.69285339963847,234.20612740602922,50.0,0.0,-0.0,-1.0
226.69481281701692,231.98272622290852,50.0,0.0,-0.0,-1.0
228.76239030486508,229.8202097116013,50.0,0.0,-0.0,-1.0
230.89373510131307,227.7205136172613,50.0,0.0,-0.0,-1.0
233.0869393641137,225.68551745226102,50.0,0.0,-0.0,-1.0
235.34003987841953,223.7170428137738,50.0,0.0,-0.0,-1.0
237.65101981412607,221.81685175319745,50.0,0.0,-0.0,-1.0
240.01781053120808,219.98664519887978,50.0,0.0,-0.0,-1.0
242.4382934314321,218.22806143355726,50.0,0.0,-0.0,-1.0
244.91030185478914,216.54267462787016,50.0,0.0,-0.0,-1.0
247.43162301894893,214.9319934312664,50.0,0.0,-0.0,-1.0
249.99999999999935,213.39745962155652,50.0,0.0,-0.0,-1.0
252.6131337526995,211.94044681432655,50.0,0.0,-0.0,-1.0
255.26868516843604,210.56225923336666,50.0,0.0,-0.0,-1.0
257.96427716904276,209.26413054321384,50.0,0.0,-0.0,-1.0
260.6974968346069,208.04722274485525,50.0,0.0,-0.0,-1.0
263.46589756335976,206.91262513557984,50.0,0.0,-0.0,-1.0
266.2670012617162,205.86135333390996,50.0,0.0,-0.0,-1.0
269.0983005625045,204.8943483704849,50.0,0.0,-0.0,-1.0
271.95726106939895,204.01247584571132,50.0,0.0,-0.0,-1.0
274.84132362554834,203.21652515493355,50.0,0.0,-0.0,-1.0
277.74790660436776,202.5072087818178,50.0,0.0,-0.0,-1.0
280.6744082204438,201.8851616605829,50.0,0.0,-0.0,-1.0
283.6182088584854,201.350940607648,50.0,0.0,-0.0,-1.0
286.57667341823355,200.90502382320665,50.0,0.0,-0.0,-1.0
289.54715367323377,200.54781046317277,50.0,0.0,-0.0,-1.0
292.52699064135663,200.27962028188205,50.0,0.0,-0.0,-1.0
295.5135169649476,200.1006933458686,50.0,0.0,-0.0,-1.0
298.5040592984728,200.01118981897267,50.0,0.0,-0.0,-1.0
301.4959407015254,200.01118981897264,50.0,0.0,0.0,-1.0
304.4864830350506,200.10069334586848,50.0,0.0,0.0,-1.0
307.47300935864143,200.2796202818819,50.0,0.0,0.0,-1.0
310.4528463267644,200.54781046317257,50.0,0.0,0.0,-1.0
313.42332658176457,200.9050238232064,50.0,0.0,0.0,-1.0
316.3817911415128,201.35094060764771,50.0,0.0,0.0,-1.0
319.3255917795543,201.88516166058253,50.0,0.0,0.0,-1.0
322.2520933956305,202.5072087818174,50.0,0.0,0.0,-1.0
325.15867637444984,203.2165251549331,50.0,0.0,0.0,-1.0
328.0427389305993,204.0124758457108,50.0,0.0,0.0,-1.0
330.9016994374938,204.89434837048435,50.0,0.0,0.0,-1.0
333.732998738282,205.86135333390934,50.0,0.0,0.0,-1.0
336.53410243663853,206.9126251355792,50.0,0.0,0.0,-1.0
339.3025031653914,208.0472227448545,50.0,0.0,0.0,-1.0
342.0357228309556,209.26413054321307,50.0,0.0,0.0,-1.0
344.73131483156226,210.5622592333658,50.0,0.0,0.0,-1.0
347.38686624729894,211.9404468143257,50.0,0.0,0.0,-1.0
349.999999999999,213.39745962155558,50.0,0.0,0.0,-1.0
352.56837698104954,214.93199343126545,50.0,0.0,0.0,-1.0
355.0896981452093,216.54267462786908,50.0,0.0,0.0,-1.0
357.5617065685664,218.2280614335562,50.0,0.0,0.0,-1.0
359.98218946879047,219.9866451988787,50.0,0.0,0.0,-1.0
362.34898018587245,221.8168517531963,50.0,0.0,0.0,-1.0
364.6599601215791,223.7170428137726,50.0,0.0,0.0,-1.0
366.9130606358849,225.68551745225977,50.0,0.0,0.0,-1.0
369.1062648986856,227.72051361726005,50.0,0.0,0.0,-1.0
371.23760969513364,229.8202097116,50.0,0.0,0.0,-1.0
373.3051871829818,231.98272622290716,50.0,0.0,0.0,-1.0
375.3071466003603,234.2061274060278,50.0,0.0,0.0,-1.0
377.24169592245914,236.48842301578117,50.0,0.0,0.0,-1.0
379.1071034656333,238.82757008849833,50.0,0.0,0.0,-1.0
380.901699437494,241.22147477075166,50.0,0.0,0.0,-1.0
382.62387743159877,243.6679941936368,50.0,0.0,0.0,-1.0
384.27209586540323,246.16493839093067,50.0,0.0,0.0,-1.0
385.844879360186,248.7100722594083,50.0,0.0,0.0,-1.0
387.34082006171235,251.3011175595621,50.0,0.0,0.0,-1.0
388.75857890045484,253.93575495493562,50.0,0.0,0.0,-1.0
390.09688679024134,256.611626088243,50.0,0.0,0.0,-1.0
391.35454576425957,259.32633569241875,50.0,0.0,0.0,-1.0
392.53043004739914,262.0774537347059,50.0,0.0,0.0,-1.0
393.62348706397324,264.86251759186445,50.0,0.0,0.0,-1.0
394.63273837991596,267.6790342545527,50.0,0.0,0.0,-1.0
395.5572805786137,270.52448255890823,50.0,0.0,0.0,-1.0
396.39628606958496,273.39631544333116,50.0,0.0,0.0,-1.0
397.1490038292864,276.2919622284489,50.0,0.0,0.0,-1.0
397.8147600733803,279.2088309182227,50.0,0.0,0.0,-1.0
398.3929588598627,282.1443105201349,50.0,0.0,0.0,-1.0
398.88308262251263,285.09577338238114,50.0,0.0,0.0,-1.0
399.28469263418356,288.0605775459741,50.0,0.0,0.0,-1.0
399.5974293995238,291.0360691096552,50.0,0.0,0.0,-1.0
399.82101297677343,294.0195846054951,50.0,0.0,0.0,-1.0
399.9552432283503,297.0084533830587,50.0,0.0,0.0,-1.0
