-77.50000000001646,134.23393758657846,40.0,-0.500000000000107,0.8660254037843769,7.888609052210118e-31
-74.89623595586102,135.70376092102225,39.99999999999996,-0.4832019558356674,0.8755089205008627,0.0
-72.26463030347497,137.12313381035096,39.99999999999993,-0.46622409451103924,0.8846666568246832,3.94430452610506e-31
-69.60615498875586,138.49151847986712,39.999999999999915,-0.4490727386809551,0.8934952016511262,1.9721522630525295e-31
-66.92179332066777,139.80839734584802,39.99999999999991,-0.4317542745487296,0.9019912673684265,0.0
-64.21253942314638,141.07327313259862,39.99999999999991,-0.41427514960314654,0.910151690885256,0.0
-61.479397698482984,142.28566897854824,39.99999999999991,-0.3966418703296833,0.9179734346381548,0.0
-58.723382301967746,143.4451285324875,39.99999999999992,-0.378860999895647,0.9254535875764223,-1.9721522630525295e-31
-55.945516627491656,144.55121604097212,39.999999999999936,-0.3609391558090546,0.9325893661220072,0.0
-53.146832803734554,145.60351642784198,39.99999999999995,-0.3428830075512361,0.9393781151020174,-1.9721522630525295e-31
-50.32837120050627,146.6016353667236,39.999999999999964,-0.32469927418341266,0.9458173086514992,0.0
-47.49117994475188,147.54519934730365,39.999999999999986,-0.3063947219276063,0.9519045510842485,-1.9721522630525295e-31
-44.63631444569026,148.43385573607642,40.0,-0.28797616172247187,0.9576375777294837,-1.97215226305253e-31
-41.76483692851809,149.26727283218614,40.00000000000002,-0.26945044675476665,0.9630142557323109,1.9721522630525295e-31
-38.877815976085145,150.0451399189003,40.000000000000036,-0.25082446996732816,0.9680325848160324,0.0
-35.976326077928064,150.7671673111696,40.00000000000005,-0.2321051615445643,0.9726906980044437,-1.9721522630525295e-31
-33.06144718603741,151.43308639964732,40.000000000000064,-0.21329948637656865,0.9769868623024017,0.0
-30.134264276731926,152.0426496914646,40.00000000000008,-0.19441444150309448,0.9809194793330592,0.0
-27.195866918014246,152.59563084798117,40.000000000000085,-0.17545705353868696,0.9844870859302942,0.0
-24.247348841794917,153.09182471965903,40.00000000000009,-0.15643437608037158,0.9876883546849912,4.930380657631324e-32
-21.289807520386574,153.53104737813737,40.00000000000009,-0.13735348709934664,0.9905220944439602,2.465190328815662e-32
-18.324343746691113,153.91313614552337,40.0000000000001,-0.11822148631817668,0.9929872507604119,-6.162975822039155e-33
-15.352061217531798,154.23794962085157,40.0000000000001,-0.0990454925750362,0.9950829062950326,-6.162975822039155e-33
-12.374066119610234,154.50536770361043,40.0000000000001,-0.07983264117655169,0.9968082811668331,0.0
-9.391466717607244,154.71529161418277,40.00000000000009,-0.06059008124083066,0.9981627332530651,-1.232595164407831e-32
-6.405372943981405,154.86764391100166,40.000000000000085,-0.04132497303224895,0.9991457584376185,-1.232595164407831e-32
-3.4168959900650577,154.9623685041825,40.00000000000008,-0.022044485289583002,0.9997569908074249,1.232595164407831e-32
-0.4271478980978429,154.99943066535798,40.00000000000007,-0.002755792549022828,0.9999962027965041,-1.5407439555097887e-33
2.5627588461134394,154.97881703341105,40.00000000000006,0.016533927536376985,0.9998633052773874,2.465190328815662e-32
5.551711720173472,154.90053561577926,40.00000000000005,0.035817496879317234,0.9993583475997487,0.0
8.538598571932482,154.76461578498237,40.000000000000036,0.055087739641479866,0.9984815175761605,-4.930380657631324e-32
11.522308026342984,154.57110827001415,40.00000000000002,0.07433748491593128,0.9972331414149721,0.0
14.50172989245877,154.3200851422292,40.00000000000001,0.0935595694073243,0.9956136836003793,4.930380657631324e-32
17.475755570648033,154.01163979535346,39.99999999999999,0.11274684010858062,0.9936237467198186,9.860761315262648e-32
20.44327846004444,153.64588691924882,39.99999999999998,0.1318921569727677,0.9912640712388757,0.0
23.403194366216397,153.2229624670686,39.999999999999964,0.150988395578959,0.9885355352239452,-9.860761315262648e-32
26.35440190898953,152.74302361545236,39.99999999999995,0.1700284497909063,0.9854391540129209,-9.860761315262648e-32
29.295802930317734,152.20624871742254,39.99999999999994,0.18900523440741354,0.9819760798342283,1.9721522630525295e-31
32.22630290205824,151.6128372476672,39.99999999999993,0.20791168780335312,0.9781476013745375,0.0
35.14481133347161,150.96300973991316,39.99999999999992,0.2267407745603207,0.9739551432955144,9.860761315262648e-32
38.05024217823477,150.25700771612279,39.99999999999991,0.24548548808596768,0.9694002656999813,-9.860761315262648e-32
40.94151424072575,149.49509360727487,39.9999999999999,0.26413885322110003,0.964484663547867,9.860761315262648e-32
43.81755158131483,148.67755066552377,39.99999999999989,0.2826939288336761,0.9592101660223272,0.0
46.677283920374464,147.80468286756275,39.99999999999989,0.30114381039887317,0.9535787358464154,-4.930380657631324e-32
49.5196470407039,146.8768148090557,39.999999999999886,0.3194816325644196,0.9475924685506809,-2.465190328815662e-32
52.343583188051,145.89429159003583,39.999999999999886,0.3377005717004346,0.9412535916920581,0.0
55.14804146940571,144.8574786912106,39.999999999999886,0.3557938484330245,0.9345644640244022,4.930380657631324e-32
57.931978248734325,143.766761841148,39.99999999999989,0.3737547301609097,0.9275275746210166,4.930380657631324e-32
60.69435753982482,142.6225468743603,39.99999999999989,0.39157653355437777,0.920145541949499,0.0
63.43415139591686,141.425259580337,39.9999999999999,0.40925262703585136,0.9124211128992218,-9.860761315262648e-32
66.150340295799,140.17534554361833,39.99999999999991,0.4267764332413753,0.9043571617617511,-1.9721522630525295e-31
68.8419135260686,138.87326997503448,39.999999999999915,0.4441414314623185,0.8959566891644946,-1.9721522630525295e-31
71.50786955926527,137.51951753427267,39.99999999999993,0.4613411600665815,0.8872228209578589,3.944304526105059e-31
74.1472164276109,136.11459214396365,39.999999999999936,0.47836921889858974,0.8781588070561914,1.9721522630525295e-31
76.75897209211107,134.65901679551172,39.99999999999995,0.49521927165733576,0.8687680202327764,-3.944304526105059e-31
79.34216480680223,133.1533333469181,39.999999999999964,0.5118850482517152,0.8590539548691568,-3.944304526105059e-31
81.89583347795698,131.59810231287204,39.99999999999998,0.5283603471323783,0.849020225659055,0.0
84.41902801809448,129.99390264740484,39.99999999999999,0.5446390375993019,0.8386705662671764,-3.944304526105059e-31
86.91080969467762,128.34133151941893,40.00000000000001,0.560715062084236,0.8280088279431997,3.944304526105059e-31
89.370251473416,126.64100408141718,40.00000000000002,0.5765824384071938,0.8170389780912626,-3.944304526105059e-31
91.79643835613315,124.893553231767,40.00000000000004,0.5922352620060793,0.8057650987952943,-7.888609052210118e-31
94.1884677131961,123.09962937083795,40.00000000000006,0.607667708138547,0.7941913853005746,0.0
96.54544961054734,121.25990015135237,40.00000000000007,0.6228740340551572,0.7823221444519226,0.0
98.86650713141981,119.37505022328394,40.00000000000008,0.6378485811428589,0.7701617930889858,3.944304526105059e-31
101.15077669285785,117.44578097363016,40.00000000000009,0.6525857770378131,0.7577148563991297,0.0
103.39740835720718,115.47281026137146,40.00000000000011,0.6670801377065437,0.7449859662285047,-1.9721522630525295e-31
105.60556613877787,113.4568721479107,40.000000000000114,0.6813262694944117,0.7319798593519008,0.0
107.77442830592182,111.39871662326495,40.00000000000012,0.6953188711403608,0.7187013757021022,0.0
109.90318767880427,109.29910932825308,40.00000000000012,0.7090527357569125,0.7051554565595007,0.0
111.991051923182,107.15883127289166,40.00000000000013,0.7225227527743723,0.6913471427028127,-2.465190328815662e-32
114.03724384053342,104.97867855117512,40.00000000000013,0.7357239098482298,0.6772815725218234,0.0
116.041001654914,102.75946205237611,40.00000000000012,0.7486512947287403,0.6629639800931729,0.0
118.00157929693518,100.50200716895861,40.000000000000114,0.7613000970917156,0.6483996932202732,0.0
119.9182466852859,98.20715350114801,40.00000000000011,0.7736656103295794,0.6335941314385413,1.9721522630525295e-31
121.79029000623227,95.8757545581525,40.0000000000001,0.7857432333017889,0.6185528039872187,0.0
123.61701199154237,93.50867745597623,40.000000000000085,0.797528472043778,0.6032813077491436,0.0
125.3977321952897,91.10680261170876,40.000000000000064,0.8090169414336496,0.5877853251599114,-3.944304526105059e-31
127.13178726998976,88.67102343411699,40.00000000000005,0.8202043668159075,0.5720706220879694,3.944304526105059e-31
128.81853124251933,86.20224601030641,40.00000000000003,0.8310865855816187,0.5561430456872465,7.888609052210118e-31
130.45733579025713,83.70138878815733,40.0,0.8416595487044832,0.5400085222240162,0.0
132.04759051786732,81.16938225418036,39.99999999999998,0.851919322232392,0.5236730548797617,0.0
133.58870323512335,78.60716860637369,39.99999999999995,0.8618620887341971,0.5071427215318455,0.0
135.08010023613983,76.01570142160386,39.99999999999992,0.8714841487014989,0.49042367251390273,0.0
136.521226580342,73.39594531697125,39.9999999999999,0.8807819219054427,0.47352212835785695,0.0
137.91154637545898,70.74887560456379,39.99999999999987,0.8897519487086232,0.4564443775195479,-3.944304526105059e-31
139.25054306277553,68.07547793894567,39.99999999999985,0.8983908913323698,0.4391967740899631,-3.944304526105059e-31
140.53771970481924,65.37674795667557,39.99999999999983,0.9066955350798409,0.42178573549407905,-3.944304526105059e-31
141.77259927559507,62.65369090709938,39.99999999999981,0.9146627895155214,0.4042177401793309,-3.944304526105059e-31
142.95472495340826,59.907321273617185,39.999999999999794,0.9222896896018971,0.3864993252957066,-1.9721522630525295e-31
144.0836604162377,57.1386623845852,39.999999999999794,0.9295733967942482,0.36863708436944237,2.4651903288156624e-32
145.1589901395387,54.34874601297883,39.999999999999794,0.9365112000946987,0.3506376649722437,0.0
146.18031969626313,51.5386119639157,39.99999999999981,0.9431005170668293,0.33250776638791374,7.888609052210118e-31
147.14727605879014,48.709307649117406,39.99999999999983,0.9493388948123588,0.3142541372781739,-3.94430452610506e-31
148.0595079023594,45.861887647376165,39.99999999999987,0.9552240109115739,0.29588357334939264,7.888609052210118e-31
148.91668590949473,42.99741325008874,39.99999999999993,0.9607536743293783,0.2774029150218125,7.888609052210118e-31
149.71850307479627,40.1169519909255,40.0,0.9659258262890081,0.25881904510274545,7.888609052210118e-31
149.71850307479772,40.11695199091967,40.0,0.9659258262890169,0.25881904510271253,2.609024107869118e-14
149.71850307479917,40.11695199091383,40.0,0.9659258262890273,0.258819045102674,4.263256414560601e-14
149.71850307480065,40.116951990908,40.0,0.9659258262890382,0.258819045102633,4.8183679268731794e-14
149.7185030748021,40.116951990902166,40.0,0.9659258262890493,0.25881904510259185,4.2521541843143495e-14
149.71850307480355,40.11695199089633,40.0,0.9659258262890597,0.2588190451025535,2.609024107869118e-14
149.718503074805,40.1169519908905,40.0,0.9659258262890684,0.2588190451025205,1.9721522630525295e-30
149.71850307480497,40.116951990890506,37.14285714285714,0.9659258262890684,0.25881904510252063,2.9582283945787943e-31
149.71850307480497,40.11695199089051,34.285714285714285,0.9659258262890684,0.2588190451025207,3.944304526105059e-31
149.71850307480497,40.11695199089051,31.42857142857143,0.9659258262890684,0.2588190451025207,-3.0814879110195774e-32
149.71850307480497,40.11695199089051,28.571428571428573,0.9659258262890684,0.2588190451025207,-1.9721522630525295e-31
149.71850307480497,40.116951990890506,25.714285714285715,0.9659258262890684,0.25881904510252063,-4.930380657631324e-31
149.718503074805,40.116951990890506,22.857142857142854,0.9659258262890684,0.2588190451025206,-2.9582283945787943e-31
149.718503074805,40.1169519908905,19.999999999999996,0.9659258262890684,0.2588190451025205,-2.9582283945787943e-31
149.718503074805,40.11695199089049,17.142857142857142,0.9659258262890684,0.25881904510252046,0.0
149.71850307480503,40.11695199089049,14.285714285714285,0.9659258262890684,0.2588190451025204,-1.9721522630525295e-31
149.71850307480503,40.116951990890485,11.428571428571429,0.9659258262890684,0.2588190451025204,4.930380657631324e-32
149.71850307480503,40.116951990890485,8.571428571428571,0.9659258262890684,0.2588190451025204,-6.162975822039155e-33
149.71850307480503,40.116951990890485,5.714285714285714,0.9659258262890684,0.2588190451025204,5.423418723394456e-31
149.71850307480503,40.11695199089049,2.857142857142858,0.9659258262890684,0.2588190451025204,-1.9721522630525295e-31
149.718503074805,40.1169519908905,0.0,0.9659258262890684,0.2588190451025205,1.9721522630525295e-30
