49.2945998171,124.45372147323,40.0,0.21850801222447605,-0.672498511963936,-0.7071067811865476
52.1396406778119,125.37813128546303,40.0,0.21850801222447605,-0.672498511963936,-0.7071067811865476
54.9846815385238,126.30254109769605,40.0,0.21850801222447605,-0.672498511963936,-0.7071067811865476
57.8297223992357,127.22695090992907,40.0,0.21850801222447608,-0.6724985119639361,-0.7071067811865475
60.6747632599476,128.15136072216208,40.0,0.21850801222447608,-0.6724985119639361,-0.7071067811865475
63.5198041206595,129.0757705343951,40.0,0.21850801222447605,-0.6724985119639362,-0.7071067811865475
66.3648449813714,130.00018034662813,40.00000000000001,0.21850801222447613,-0.6724985119639363,-0.7071067811865475
69.20988584208331,130.92459015886115,40.00000000000001,0.21850801222447605,-0.6724985119639361,-0.7071067811865475
72.0549267027952,131.84899997109417,40.00000000000001,0.21850801222447602,-0.6724985119639361,-0.7071067811865475
74.8999675635071,132.7734097833272,40.00000000000001,0.21850801222447605,-0.6724985119639361,-0.7071067811865475
77.74500842421901,133.69781959556022,40.00000000000001,0.21850801222447602,-0.6724985119639361,-0.7071067811865475
80.5900492849309,134.62222940779324,40.00000000000001,0.21850801222447605,-0.6724985119639361,-0.7071067811865475
83.4350901456428,135.54663922002626,40.00000000000001,0.21850801222447608,-0.6724985119639361,-0.7071067811865475
86.28013100635471,136.4710490322593,40.00000000000001,0.21850801222447605,-0.6724985119639361,-0.7071067811865475
89.1251718670666,137.3954588444923,40.00000000000001,0.21850801222447605,-0.6724985119639361,-0.7071067811865475
91.9702127277785,138.31986865672533,40.00000000000001,0.21850801222447605,-0.6724985119639361,-0.7071067811865475
94.8152535884904,139.24427846895836,40.00000000000001,0.21850801222447608,-0.6724985119639361,-0.7071067811865476
97.6602944492023,140.1686882811914,40.00000000000001,0.21850801222447608,-0.6724985119639361,-0.7071067811865476
100.5053353099142,141.09309809342443,40.00000000000001,0.21850801222447605,-0.6724985119639361,-0.7071067811865476
103.3503761706261,142.01750790565745,40.00000000000001,0.21850801222447605,-0.6724985119639361,-0.7071067811865476
106.195417031338,142.94191771789048,40.00000000000001,0.21850801222447608,-0.6724985119639361,-0.7071067811865476
109.04045789204991,143.8663275301235,40.00000000000001,0.21850801222447605,-0.6724985119639361,-0.7071067811865476
111.8854987527618,144.79073734235652,40.00000000000001,0.2185080122244761,-0.6724985119639361,-0.7071067811865476
114.7305396134737,145.71514715458954,40.00000000000001,0.2185080122244761,-0.6724985119639361,-0.7071067811865476
117.57558047418561,146.63955696682257,40.00000000000001,0.2185080122244761,-0.6724985119639361,-0.7071067811865476
120.4206213348975,147.5639667790556,40.00000000000001,0.21850801222447605,-0.672498511963936,-0.7071067811865476
123.26566219560942,148.4883765912886,40.00000000000001,0.21850801222447605,-0.672498511963936,-0.7071067811865476
126.11070305632131,149.41278640352164,40.00000000000001,0.21850801222447608,-0.6724985119639361,-0.7071067811865476
128.9557439170332,150.33719621575466,40.00000000000001,0.21850801222447605,-0.672498511963936,-0.7071067811865476
131.8007847777451,151.26160602798768,40.00000000000001,0.21850801222447605,-0.672498511963936,-0.7071067811865476
134.645825638457,152.1860158402207,40.00000000000001,0.21850801222447605,-0.672498511963936,-0.7071067811865476
137.4908664991689,153.11042565245373,40.00000000000001,0.21850801222447605,-0.672498511963936,-0.7071067811865476
140.33590735988082,154.03483546468675,40.00000000000001,0.21850801222447605,-0.672498511963936,-0.7071067811865476
143.18094822059274,154.95924527691977,40.00000000000001,0.21850801222447602,-0.672498511963936,-0.7071067811865476
146.02598908130463,155.8836550891528,40.00000000000001,0.21850801222447602,-0.672498511963936,-0.7071067811865476
148.87102994201655,156.80806490138582,40.00000000000001,0.21850801222447602,-0.672498511963936,-0.7071067811865476
151.71607080272844,157.73247471361884,40.00000000000001,0.21850801222447605,-0.672498511963936,-0.7071067811865476
154.56111166344036,158.6568845258519,40.00000000000001,0.2185080122244761,-0.672498511963936,-0.7071067811865476
157.40615252415225,159.58129433808492,40.00000000000001,0.2185080122244761,-0.672498511963936,-0.7071067811865476
160.25119338486417,160.50570415031794,40.00000000000001,0.2185080122244761,-0.672498511963936,-0.7071067811865476
163.09623424557606,161.43011396255096,40.00000000000001,0.21850801222447608,-0.672498511963936,-0.7071067811865476
165.94127510628797,162.35452377478398,40.00000000000001,0.21850801222447608,-0.672498511963936,-0.7071067811865476
168.7863159669999,163.278933587017,40.00000000000001,0.2185080122244761,-0.672498511963936,-0.7071067811865476
171.63135682771178,164.20334339925006,40.00000000000001,0.21850801222447602,-0.672498511963936,-0.7071067811865476
174.47639768842367,165.12775321148308,40.00000000000001,0.21850801222447608,-0.672498511963936,-0.7071067811865476
177.3214385491356,166.0521630237161,40.00000000000001,0.21850801222447608,-0.672498511963936,-0.7071067811865476
180.16647940984748,166.97657283594913,40.00000000000001,0.21850801222447608,-0.672498511963936,-0.7071067811865476
183.01152027055937,167.90098264818215,40.00000000000001,0.21850801222447613,-0.6724985119639361,-0.7071067811865476
185.8565611312713,168.82539246041517,40.00000000000001,0.21850801222447613,-0.6724985119639361,-0.7071067811865476
188.7016019919832,169.7498022726482,40.00000000000001,0.21850801222447613,-0.6724985119639361,-0.7071067811865476
191.5466428526951,170.67421208488122,40.00000000000001,0.21850801222447613,-0.6724985119639361,-0.7071067811865476
194.39168371340702,171.59862189711424,40.00000000000001,0.21850801222447613,-0.6724985119639361,-0.7071067811865476
197.2367245741189,172.52303170934726,40.00000000000001,0.21850801222447613,-0.6724985119639361,-0.7071067811865476
200.08176543483083,173.4474415215803,40.00000000000001,0.21850801222447613,-0.6724985119639361,-0.7071067811865476
202.92680629554272,174.3718513338133,40.00000000000001,0.21850801222447608,-0.672498511963936,-0.7071067811865476
205.77184715625464,175.29626114604636,40.00000000000001,0.21850801222447608,-0.672498511963936,-0.7071067811865476
208.61688801696653,176.22067095827938,40.00000000000001,0.2185080122244761,-0.6724985119639361,-0.7071067811865476
211.46192887767842,177.1450807705124,40.00000000000001,0.2185080122244761,-0.6724985119639361,-0.7071067811865476
214.30696973839034,178.06949058274543,40.00000000000001,0.2185080122244761,-0.6724985119639361,-0.7071067811865476
217.15201059910223,178.99390039497845,40.00000000000001,0.21850801222447608,-0.672498511963936,-0.7071067811865476
219.99705145981412,179.91831020721148,40.00000000000001,0.21850801222447608,-0.672498511963936,-0.7071067811865476
222.842092320526,180.84272001944447,40.00000000000001,0.21850801222447602,-0.672498511963936,-0.7071067811865476
225.68713318123787,181.7671298316775,40.00000000000001,0.21850801222447613,-0.6724985119639361,-0.7071067811865476
228.53217404194976,182.69153964391052,40.00000000000001,0.21850801222447613,-0.6724985119639361,-0.7071067811865476
231.37721490266165,183.61594945614354,40.00000000000001,0.21850801222447602,-0.672498511963936,-0.7071067811865476
234.22225576337354,184.54035926837656,40.0,0.21850801222447602,-0.672498511963936,-0.7071067811865476
237.06729662408543,185.46476908060959,40.0,0.21850801222447602,-0.672498511963936,-0.7071067811865476
239.91233748479732,186.3891788928426,40.0,0.21850801222447602,-0.672498511963936,-0.7071067811865476
242.7573783455092,187.31358870507563,40.0,0.21850801222447602,-0.672498511963936,-0.7071067811865476
245.60241920622107,188.23799851730865,40.0,0.21850801222447602,-0.672498511963936,-0.7071067811865476
248.44746006693296,189.16240832954168,40.0,0.21850801222447602,-0.672498511963936,-0.7071067811865476
251.29250092764485,190.0868181417747,40.0,0.21850801222447602,-0.672498511963936,-0.7071067811865476
254.1375417883567,191.01122795400772,40.0,0.21850801222447605,-0.672498511963936,-0.7071067811865476
256.9825826490686,191.93563776624075,40.0,0.21850801222447605,-0.672498511963936,-0.7071067811865476
259.8276235097805,192.86004757847374,40.0,0.21850801222447602,-0.672498511963936,-0.7071067811865476
262.6726643704924,193.78445739070676,40.0,0.21850801222447602,-0.672498511963936,-0.7071067811865476
265.5177052312043,194.70886720293979,40.0,0.21850801222447605,-0.672498511963936,-0.7071067811865476
268.36274609191616,195.6332770151728,40.0,0.21850801222447605,-0.672498511963936,-0.7071067811865476
271.20778695262806,196.55768682740583,40.0,0.21850801222447605,-0.672498511963936,-0.7071067811865476
274.05282781333995,197.48209663963883,40.0,0.2185080122244761,-0.6724985119639361,-0.7071067811865476
276.89786867405184,198.40650645187185,40.0,0.2185080122244761,-0.6724985119639361,-0.7071067811865476
279.7429095347637,199.33091626410487,40.0,0.2185080122244761,-0.6724985119639361,-0.7071067811865476
282.5879503954756,200.2553260763379,40.0,0.2185080122244761,-0.6724985119639361,-0.7071067811865476
285.4329912561875,201.17973588857092,40.0,0.2185080122244761,-0.6724985119639361,-0.7071067811865476
288.2780321168994,202.10414570080394,40.0,0.2185080122244761,-0.6724985119639361,-0.7071067811865476
291.1230729776113,203.02855551303696,40.0,0.2185080122244761,-0.6724985119639361,-0.7071067811865476
293.9681138383232,203.95296532527,40.0,0.2185080122244761,-0.6724985119639361,-0.7071067811865476
296.81315469903507,204.877375137503,40.0,0.21850801222447608,-0.6724985119639361,-0.7071067811865476
299.6581955597469,205.80178494973603,40.0,0.21850801222447608,-0.6724985119639361,-0.7071067811865476
302.5032364204588,206.72619476196905,40.0,0.21850801222447608,-0.6724985119639361,-0.7071067811865476
305.3482772811707,207.65060457420208,40.0,0.21850801222447608,-0.6724985119639361,-0.7071067811865476
308.19331814188257,208.5750143864351,40.0,0.21850801222447602,-0.6724985119639361,-0.7071067811865476
311.03835900259446,209.49942419866812,40.0,0.21850801222447605,-0.6724985119639361,-0.7071067811865476
313.88339986330635,210.42383401090112,40.0,0.21850801222447608,-0.6724985119639361,-0.7071067811865476
316.72844072401824,211.3482438231341,40.0,0.21850801222447602,-0.6724985119639361,-0.7071067811865475
319.5734815847302,212.27265363536713,40.0,0.21850801222447608,-0.6724985119639361,-0.7071067811865475
322.4185224454421,213.19706344760016,40.0,0.21850801222447605,-0.6724985119639361,-0.7071067811865475
325.26356330615397,214.12147325983318,40.0,0.21850801222447605,-0.6724985119639361,-0.7071067811865475
328.10860416686586,215.0458830720662,40.0,0.21850801222447605,-0.6724985119639361,-0.7071067811865475
330.95364502757775,215.97029288429923,40.0,0.21850801222447605,-0.6724985119639361,-0.7071067811865475
333.79868588828964,216.89470269653225,40.0,0.21850801222447605,-0.6724985119639361,-0.7071067811865475
336.64372674900153,217.81911250876527,40.0,0.21850801222447605,-0.6724985119639361,-0.7071067811865475
339.4887676097134,218.7435223209983,40.0,0.21850801222447608,-0.6724985119639361,-0.7071067811865475
342.3338084704253,219.66793213323132,40.0,0.2185080122244761,-0.6724985119639361,-0.7071067811865475
345.1788493311372,220.59234194546434,40.0,0.2185080122244761,-0.6724985119639361,-0.7071067811865475
348.0238901918491,221.51675175769736,40.0,0.21850801222447608,-0.6724985119639361,-0.7071067811865476
350.868931052561,222.4411615699304,40.0,0.2185080122244761,-0.6724985119639361,-0.7071067811865476
353.7139719132729,223.3655713821634,40.0,0.2185080122244761,-0.6724985119639361,-0.7071067811865476
356.5590127739848,224.28998119439643,40.0,0.2185080122244761,-0.6724985119639361,-0.7071067811865476
359.4040536346967,225.21439100662946,40.0,0.21850801222447608,-0.672498511963936,-0.7071067811865476
362.2490944954086,226.13880081886245,40.0,0.21850801222447602,-0.672498511963936,-0.7071067811865476
365.0941353561205,227.06321063109547,40.0,0.21850801222447605,-0.672498511963936,-0.7071067811865476
367.9391762168324,227.9876204433285,40.0,0.21850801222447605,-0.672498511963936,-0.7071067811865476
370.78421707754427,228.91203025556152,40.0,0.2185080122244761,-0.6724985119639361,-0.7071067811865476
373.62925793825616,229.83644006779454,40.0,0.2185080122244761,-0.6724985119639361,-0.7071067811865476
376.4742987989681,230.76084988002754,40.0,0.2185080122244761,-0.6724985119639361,-0.7071067811865476
379.31933965968,231.68525969226056,40.0,0.2185080122244761,-0.6724985119639361,-0.7071067811865476
382.16438052039234,232.60966950449375,40.0,0.21850801222447608,-0.6724985119639361,-0.7071067811865476
