0.0,170.0,50.0,-2.465190328815662e-32,-0.7071067811865476,-0.7071067811865476
2.985074626865672,170.0,50.0,-7.395570986446986e-32,-0.7071067811865476,-0.7071067811865476
5.970149253731344,170.0,50.0,-1.232595164407831e-31,-0.7071067811865476,-0.7071067811865476
8.955223880597016,170.0,50.0,-2.465190328815662e-32,-0.7071067811865476,-0.7071067811865476
11.940298507462687,170.0,50.0,-2.465190328815662e-32,-0.7071067811865476,-0.7071067811865476
14.925373134328359,170.0,50.0,-9.860761315262648e-32,-0.7071067811865476,-0.7071067811865476
17.91044776119403,170.0,50.0,-9.860761315262648e-32,-0.7071067811865476,-0.7071067811865476
20.8955223880597,170.0,50.0,-1.232595164407831e-31,-0.7071067811865476,-0.7071067811865476
23.880597014925375,170.0,50.0,-7.395570986446986e-32,-0.7071067811865476,-0.7071067811865476
26.865671641791046,170.00000000000003,50.0,-4.930380657631324e-32,-0.7071067811865476,-0.7071067811865476
29.850746268656717,170.00000000000003,50.0,-7.395570986446986e-32,-0.7071067811865476,-0.7071067811865476
32.83582089552239,170.00000000000003,50.0,-4.930380657631324e-32,-0.7071067811865476,-0.7071067811865476
35.820895522388064,170.00000000000003,50.0,-4.930380657631324e-32,-0.7071067811865476,-0.7071067811865476
38.80597014925374,170.00000000000003,50.0,-2.465190328815662e-32,-0.7071067811865476,-0.7071067811865476
41.79104477611941,170.00000000000003,50.0,-7.395570986446986e-32,-0.7071067811865476,-0.7071067811865476
44.77611940298509,170.00000000000003,50.0,-3.697785493223493e-32,-0.7071067811865476,-0.7071067811865476
47.761194029850756,170.00000000000003,50.0,-1.232595164407831e-32,-0.7071067811865476,-0.7071067811865476
50.74626865671643,170.00000000000003,50.0,-3.697785493223493e-32,-0.7071067811865476,-0.7071067811865476
53.7313432835821,170.00000000000003,50.0,-3.697785493223493e-32,-0.7071067811865476,-0.7071067811865476
56.71641791044777,170.00000000000003,50.0,0.0,-0.7071067811865476,-0.7071067811865476
59.701492537313435,170.00000000000003,50.0,-1.232595164407831e-32,-0.7071067811865476,-0.7071067811865476
62.6865671641791,170.00000000000003,50.0,-2.465190328815662e-32,-0.7071067811865476,-0.7071067811865476
65.67164179104478,170.00000000000003,50.0,-3.697785493223493e-32,-0.7071067811865476,-0.7071067811865476
68.65671641791045,170.00000000000003,50.0,-3.697785493223493e-32,-0.7071067811865476,-0.7071067811865476
71.64179104477611,170.00000000000003,50.0,-1.232595164407831e-32,-0.7071067811865476,-0.7071067811865476
74.62686567164178,170.00000000000003,50.0,-1.232595164407831e-32,-0.7071067811865476,-0.7071067811865476
77.61194029850745,170.00000000000003,50.0,0.0,-0.7071067811865476,-0.7071067811865476
80.59701492537312,170.00000000000003,50.0,-6.162975822039155e-33,-0.7071067811865476,-0.7071067811865476
83.58208955223878,170.00000000000003,50.0,0.0,-0.7071067811865476,-0.7071067811865476
86.56716417910445,170.00000000000003,50.0,0.0,-0.7071067811865476,-0.7071067811865476
89.55223880597012,170.00000000000003,50.0,6.162975822039155e-33,-0.7071067811865476,-0.7071067811865476
92.5373134328358,170.00000000000003,50.0,0.0,-0.7071067811865476,-0.7071067811865476
95.52238805970147,170.00000000000003,50.0,-6.162975822039155e-33,-0.7071067811865476,-0.7071067811865476
98.50746268656714,170.00000000000003,50.0,-1.232595164407831e-32,-0.7071067811865476,-0.7071067811865476
101.4925373134328,170.00000000000003,50.0,-9.244463733058732e-33,-0.7071067811865476,-0.7071067811865476
104.47761194029849,170.00000000000003,50.0,0.0,-0.7071067811865476,-0.7071067811865476
107.46268656716417,170.00000000000003,50.0,0.0,-0.7071067811865476,-0.7071067811865476
110.44776119402985,170.00000000000003,50.0,0.0,-0.7071067811865476,-0.7071067811865476
113.43283582089553,170.00000000000003,50.0,3.0814879110195774e-33,-0.7071067811865476,-0.7071067811865476
116.4179104477612,170.00000000000003,50.0,6.162975822039155e-33,-0.7071067811865476,-0.7071067811865476
119.40298507462688,170.00000000000003,50.0,1.0785207688568521e-32,-0.7071067811865476,-0.7071067811865476
122.38805970149257,170.00000000000003,50.0,4.622231866529366e-33,-0.7071067811865476,-0.7071067811865476
125.37313432835825,170.00000000000003,50.0,4.4296388720906425e-33,-0.7071067811865476,-0.7071067811865476
128.35820895522392,170.00000000000003,50.0,-4.237045877651919e-33,-0.7071067811865476,-0.7071067811865476
131.3432835820896,170.00000000000003,50.0,8.474091755303838e-33,-0.7071067811865476,-0.7071067811865476
134.32835820895528,170.00000000000003,50.0,4.622231866529366e-33,-0.7071067811865476,-0.7071067811865476
137.31343283582098,170.00000000000003,50.0,1.3866695599588098e-32,-0.7071067811865476,-0.7071067811865476
140.29850746268667,170.00000000000003,50.0,9.244463733058732e-33,-0.7071067811865476,-0.7071067811865476
143.28358208955234,170.00000000000003,50.0,1.8488927466117464e-32,-0.7071067811865476,-0.7071067811865476
146.26865671641804,170.00000000000003,50.0,1.8488927466117464e-32,-0.7071067811865476,-0.7071067811865476
149.2537313432837,170.00000000000003,50.0,1.8488927466117464e-32,-0.7071067811865476,-0.7071067811865476
152.23880597014937,170.00000000000003,50.0,2.7733391199176196e-32,-0.7071067811865476,-0.7071067811865476
155.22388059701507,170.00000000000003,50.0,1.8488927466117464e-32,-0.7071067811865476,-0.7071067811865476
158.20895522388074,170.00000000000003,50.0,1.8488927466117464e-32,-0.7071067811865476,-0.7071067811865476
161.19402985074643,170.00000000000003,50.0,1.8488927466117464e-32,-0.7071067811865476,-0.7071067811865476
164.1791044776121,170.00000000000003,50.0,2.465190328815662e-32,-0.7071067811865476,-0.7071067811865476
167.1641791044778,170.00000000000003,50.0,4.3140830754274083e-32,-0.7071067811865476,-0.7071067811865476
170.14925373134346,170.00000000000003,50.0,2.465190328815662e-32,-0.7071067811865476,-0.7071067811865476
173.13432835820913,170.00000000000003,50.0,1.232595164407831e-32,-0.7071067811865476,-0.7071067811865476
176.11940298507483,170.00000000000003,50.0,-6.162975822039155e-33,-0.7071067811865476,-0.7071067811865476
179.1044776119405,170.00000000000003,50.0,1.232595164407831e-32,-0.7071067811865476,-0.7071067811865476
182.0895522388062,170.00000000000003,50.0,1.8488927466117464e-32,-0.7071067811865476,-0.7071067811865476
185.07462686567186,170.00000000000003,50.0,6.162975822039155e-33,-0.7071067811865476,-0.7071067811865476
188.05970149253753,170.00000000000003,50.0,2.465190328815662e-32,-0.7071067811865476,-0.7071067811865476
191.04477611940322,170.00000000000003,50.0,4.3140830754274083e-32,-0.7071067811865476,-0.7071067811865476
194.0298507462689,170.00000000000003,50.0,5.546678239835239e-32,-0.7071067811865476,-0.7071067811865476
197.0149253731346,170.00000000000003,50.0,2.465190328815662e-32,-0.7071067811865476,-0.7071067811865476
200.00000000000023,170.00000000000003,50.0,6.162975822039155e-33,-0.7071067811865476,-0.7071067811865476
202.98507462686592,170.00000000000003,50.0,3.0814879110195774e-32,-0.7071067811865476,-0.7071067811865476
205.9701492537316,170.00000000000003,50.0,4.3140830754274083e-32,-0.7071067811865476,-0.7071067811865476
208.9552238805973,170.00000000000003,50.0,4.3140830754274083e-32,-0.7071067811865476,-0.7071067811865476
211.94029850746296,170.00000000000003,50.0,2.465190328815662e-32,-0.7071067811865476,-0.7071067811865476
214.92537313432862,170.00000000000003,49.99999999999999,3.697785493223493e-32,-0.7071067811865476,-0.7071067811865476
217.91044776119432,170.00000000000003,49.99999999999999,2.465190328815662e-32,-0.7071067811865476,-0.7071067811865476
220.89552238806,170.00000000000003,49.99999999999999,3.697785493223493e-32,-0.7071067811865476,-0.7071067811865476
223.88059701492568,170.00000000000003,49.99999999999999,6.162975822039155e-32,-0.7071067811865476,-0.7071067811865476
226.86567164179135,170.00000000000003,49.99999999999999,3.697785493223493e-32,-0.7071067811865476,-0.7071067811865476
229.85074626865708,170.00000000000003,49.99999999999999,2.465190328815662e-32,-0.7071067811865476,-0.7071067811865476
232.83582089552274,170.0,49.99999999999999,3.697785493223493e-32,-0.7071067811865476,-0.7071067811865476
235.82089552238844,170.0,49.99999999999999,3.697785493223493e-32,-0.7071067811865476,-0.7071067811865476
238.8059701492541,170.0,49.99999999999999,3.697785493223493e-32,-0.7071067811865476,-0.7071067811865476
241.7910447761198,170.0,49.99999999999999,0.0,-0.7071067811865476,-0.7071067811865476
244.77611940298547,170.0,49.99999999999999,3.697785493223493e-32,-0.7071067811865476,-0.7071067811865476
247.76119402985114,170.0,49.99999999999999,3.697785493223493e-32,-0.7071067811865476,-0.7071067811865476
250.74626865671684,170.0,49.99999999999999,2.465190328815662e-32,-0.7071067811865476,-0.7071067811865476
253.7313432835825,170.0,49.99999999999999,3.697785493223493e-32,-0.7071067811865476,-0.7071067811865476
256.7164179104482,170.0,49.99999999999999,0.0,-0.7071067811865476,-0.7071067811865476
259.70149253731387,170.0,49.99999999999999,4.930380657631324e-32,-0.7071067811865476,-0.7071067811865476
262.68656716417956,170.0,49.99999999999999,4.930380657631324e-32,-0.7071067811865476,-0.7071067811865476
265.6716417910452,170.0,49.99999999999999,3.697785493223493e-32,-0.7071067811865476,-0.7071067811865476
268.6567164179109,170.0,49.99999999999999,1.232595164407831e-32,-0.7071067811865476,-0.7071067811865476
271.6417910447766,170.0,49.99999999999999,0.0,-0.7071067811865476,-0.7071067811865476
274.6268656716423,170.0,49.99999999999999,2.465190328815662e-32,-0.7071067811865476,-0.7071067811865476
277.61194029850793,170.0,49.99999999999999,2.465190328815662e-32,-0.7071067811865476,-0.7071067811865476
280.5970149253736,170.0,49.99999999999999,2.465190328815662e-32,-0.7071067811865476,-0.7071067811865476
283.5820895522393,170.0,49.99999999999999,3.697785493223493e-32,-0.7071067811865476,-0.7071067811865476
286.567164179105,170.0,49.99999999999999,0.0,-0.7071067811865476,-0.7071067811865476
289.55223880597066,170.0,49.99999999999999,1.232595164407831e-32,-0.7071067811865476,-0.7071067811865476
292.53731343283636,170.0,49.99999999999999,2.465190328815662e-32,-0.7071067811865476,-0.7071067811865476
295.52238805970205,170.0,49.99999999999999,2.465190328815662e-32,-0.7071067811865476,-0.7071067811865476
298.5074626865677,170.0,49.99999999999999,3.697785493223493e-32,-0.7071067811865476,-0.7071067811865476
301.4925373134334,170.0,49.99999999999999,6.162975822039155e-33,-0.7071067811865476,-0.7071067811865476
304.4776119402991,170.0,49.99999999999999,1.232595164407831e-32,-0.7071067811865476,-0.7071067811865476
307.4626865671648,170.0,49.99999999999999,1.8488927466117464e-32,-0.7071067811865476,-0.7071067811865476
310.4477611940304,170.0,49.99999999999999,1.8488927466117464e-32,-0.7071067811865476,-0.7071067811865476
313.4328358208961,170.0,49.99999999999999,0.0,-0.7071067811865476,-0.7071067811865476
316.4179104477618,170.0,49.99999999999999,1.8488927466117464e-32,-0.7071067811865476,-0.7071067811865476
319.40298507462745,170.0,49.99999999999999,1.8488927466117464e-32,-0.7071067811865476,-0.7071067811865476
322.38805970149315,170.0,49.99999999999999,0.0,-0.7071067811865476,-0.7071067811865476
325.37313432835884,170.0,49.99999999999999,0.0,-0.7071067811865476,-0.7071067811865476
328.35820895522454,170.0,49.99999999999999,1.232595164407831e-32,-0.7071067811865476,-0.7071067811865476
331.3432835820902,170.0,49.99999999999999,0.0,-0.7071067811865476,-0.7071067811865476
334.3283582089559,170.0,49.99999999999999,0.0,-0.7071067811865476,-0.7071067811865476
337.3134328358216,170.0,49.99999999999999,0.0,-0.7071067811865476,-0.7071067811865476
340.2985074626872,170.0,49.99999999999999,6.162975822039155e-33,-0.7071067811865476,-0.7071067811865476
343.2835820895529,170.0,49.99999999999999,0.0,-0.7071067811865476,-0.7071067811865476
346.2686567164186,170.0,49.99999999999999,0.0,-0.7071067811865476,-0.7071067811865476
349.2537313432843,170.0,49.99999999999999,-6.162975822039155e-33,-0.7071067811865476,-0.7071067811865476
352.23880597014994,170.0,49.99999999999999,0.0,-0.7071067811865476,-0.7071067811865476
355.22388059701564,170.0,49.99999999999999,-1.5407439555097887e-32,-0.7071067811865476,-0.7071067811865476
358.20895522388133,170.0,49.99999999999999,-1.232595164407831e-32,-0.7071067811865476,-0.7071067811865476
361.19402985074703,170.0,49.99999999999999,-2.1570415377137042e-32,-0.7071067811865476,-0.7071067811865476
364.17910447761267,170.0,49.99999999999999,-2.1570415377137042e-32,-0.7071067811865476,-0.7071067811865476
367.16417910447836,170.0,49.99999999999999,-2.1570415377137042e-32,-0.7071067811865476,-0.7071067811865476
370.14925373134406,170.0,49.99999999999999,-1.6948183510607676e-32,-0.7071067811865476,-0.7071067811865476
373.1343283582097,170.0,49.99999999999999,-7.703719777548943e-33,-0.7071067811865476,-0.7071067811865476
376.1194029850754,170.0,50.0,-3.543711097672514e-32,-0.7071067811865476,-0.7071067811865476
379.1044776119411,170.0,50.0,-1.7333369499485123e-32,-0.7071067811865476,-0.7071067811865476
382.0895522388068,170.0,50.0,-1.7429665996704484e-32,-0.7071067811865476,-0.7071067811865476
385.0746268656724,170.0,50.0,-1.771855548836257e-32,-0.7071067811865476,-0.7071067811865476
388.0597014925381,170.0,50.0,-5.238529448733282e-32,-0.7071067811865476,-0.7071067811865476
391.0447761194038,170.0,50.0,-3.543711097672514e-32,-0.7071067811865476,-0.7071067811865476
394.02985074626946,170.0,50.0,-1.8488927466117464e-32,-0.7071067811865476,-0.7071067811865476
397.01492537313516,170.0,50.0,-1.5407439555097887e-32,-0.7071067811865476,-0.7071067811865476
400.0,170.0,50.0,-1.8488927466117464e-32,-0.7071067811865476,-0.7071067811865476
400.0,170.0,50.0,-0.18301270189221913,-0.683012701892219,-0.7071067811865481
400.0,170.0,50.0,-0.3535533905932735,-0.612372435695794,-0.7071067811865486
400.0,170.0,50.0,-0.49999999999999967,-0.49999999999999956,-0.7071067811865486
400.0,170.0,50.0,-0.6123724356957942,-0.35355339059327345,-0.7071067811865486
400.0,170.0,50.0,-0.6830127018922192,-0.18301270189221913,-0.7071067811865481
400.0,170.0,50.0,-0.7071067811865476,7.888609052210118e-31,-0.7071067811865476
400.00000000000006,167.14285714285714,50.00000000000001,-0.7071067811865476,2.3665827156630354e-30,-0.7071067811865476
400.00000000000006,164.28571428571428,50.00000000000001,-0.7071067811865476,1.5777218104420236e-30,-0.7071067811865476
400.00000000000006,161.42857142857144,50.00000000000001,-0.7071067811865476,9.860761315262648e-31,-0.7071067811865476
400.00000000000006,158.57142857142858,50.00000000000001,-0.7071067811865476,2.9582283945787943e-31,-0.7071067811865476
400.0000000000001,155.71428571428572,50.000000000000014,-0.7071067811865476,9.860761315262648e-32,-0.7071067811865476
400.0000000000001,152.85714285714286,50.000000000000014,-0.7071067811865476,-1.4791141972893971e-31,-0.7071067811865476
400.00000000000006,150.0,50.00000000000001,-0.7071067811865476,-2.9582283945787943e-31,-0.7071067811865476
400.00000000000006,147.14285714285714,50.00000000000001,-0.7071067811865476,-3.944304526105059e-31,-0.7071067811865476
400.00000000000006,144.28571428571428,50.00000000000001,-0.7071067811865476,-1.9721522630525295e-31,-0.7071067811865476
400.00000000000006,141.42857142857142,50.00000000000001,-0.7071067811865476,-5.9164567891575885e-31,-0.7071067811865476
400.00000000000006,138.57142857142858,50.00000000000001,-0.7071067811865476,-9.860761315262648e-31,-0.7071067811865476
400.0,135.71428571428572,50.0,-0.7071067811865476,0.0,-0.7071067811865476
400.0,132.85714285714286,50.0,-0.7071067811865476,-1.1832913578315177e-30,-0.7071067811865476
400.0,130.0,50.0,-0.7071067811865476,-1.9721522630525295e-31,-0.7071067811865476
