325.0,250.0,50.0,-0.7071067811865476,-3.3881317890172014e-21,-0.7071067811865476
324.9407791987837,252.9817400148692,49.9999999999995,-0.7065477411957182,-0.028112086568388737,-0.7071067811865475
324.76301121268165,255.95876530849313,49.99999999999928,-0.7048715065867542,-0.05617970453926801,-0.7071067811865476
324.46699657672247,258.92636648129843,49.99999999999926,-0.7020807281254018,-0.08415848854931776,-0.7071067811865476
324.05321782806243,261.87985065654806,49.99999999999936,-0.6981798174827513,-0.11200420733058217,-0.7071067811865476
323.5223395349508,264.8145482613883,49.99999999999953,-0.6931749411822966,-0.13967283528632102,-0.7071067811865476
322.8752080022845,267.72581992207364,49.99999999999974,-0.6870740114404427,-0.16712062351229595,-0.7071067811865476
322.1128506358403,270.6090634448547,49.999999999999936,-0.6798866739867129,-0.19430417014383702,-0.7071067811865476
321.23647495284916,273.45972085257773,50.00000000000012,-0.6716242929480483,-0.22118048992177036,-0.7071067811865476
320.2474672317956,276.2732854465534,50.00000000000027,-0.6622999328783927,-0.2477070828807217,-0.7071067811865475
319.14739079908486,279.0453088635836,50.00000000000038,-0.6519283380107429,-0.2738420020715426,-0.7071067811865476
317.9379839544654,281.77140809903267,50.00000000000044,-0.6405259088044936,-0.29954392023571047,-0.7071067811865476
316.6211575407604,284.4472724683734,50.00000000000046,-0.6281106758566098,-0.32477219535384017,-0.7071067811865475
315.19899216654255,287.06867048158205,50.00000000000045,-0.6147022712412502,-0.34948693499306743,-0.7071067811865476
313.6737350928605,289.63145660698154,50.0000000000004,-0.6003218973391793,-0.37364905937937004,-0.7071067811865476
312.0477967970271,292.1315779035163,50.00000000000033,-0.5849922932158447,-0.39722036312111103,-0.7071067811865476
310.3237472278206,294.5650805028835,50.000000000000234,-0.5687376986054448,-0.4201635755095656,-0.7071067811865476
308.5043117672919,296.9281159253482,50.00000000000013,-0.5515838155577465,-0.4424424193211562,-0.7071067811865476
306.59236691476076,299.21694721535687,50.00000000000002,-0.533557767804827,-0.4640216680448559,-0.7071067811865476
304.5909357085862,301.4279548851725,49.999999999999915,-0.5146880579062381,-0.4848672014569607,-0.7071067811865477
302.50318290098545,303.5576426566379,49.999999999999815,-0.49500452223328273,-0.5049460594643745,-0.7071067811865475
300.3324099006164,305.6026429927961,49.99999999999973,-0.4745382838559921,-0.5242264941368472,-0.7071067811865475
298.08204949690565,307.559722412447,49.99999999999966,-0.45332170339989075,-0.542678019848438,-0.7071067811865476
295.75566037926677,309.42578658178644,49.99999999999961,-0.43138832794358684,-0.5602714614488555,-0.7071067811865477
293.35692146347014,311.1978851780723,49.99999999999959,-0.40877283803245323,-0.5769790003864038,-0.7071067811865476
290.889626036559,312.8732165208053,49.99999999999958,-0.3855109928880438,-0.5927742187059714,-0.7071067811865476
288.3576757308997,314.44913196623287,49.999999999999595,-0.36163957389725526,-0.6076321408479078,-0.7071067811865476
285.7650743372543,315.923140061114,49.99999999999963,-0.3371963264694997,-0.6215292731766339,-0.7071067811865475
283.11592146618926,317.2929104516588,49.99999999999968,-0.3122199003541276,-0.6344436411714273,-0.7071067811865475
280.4144060667217,318.55627754342805,49.999999999999744,-0.28674978851402494,-0.6463548242158961,-0.7071067811865476
277.6647998108485,319.71124390777794,49.99999999999982,-0.26082626465454684,-0.6572439879271292,-0.7071067811865476
274.87145035251746,320.75598343021386,49.99999999999991,-0.23449031950976842,-0.6670939139702946,-0.7071067811865476
272.03877446967266,321.6888441958093,50.0,-0.2077835959903791,-0.6758890273094443,-0.7071067811865476
269.1712510982182,322.50835110668777,50.00000000000009,-0.1807483232993861,-0.6836154208503934,-0.7071067811865477
266.27341426708807,323.21320822648926,50.00000000000018,-0.15342725012323963,-0.690260877436655,-0.7071067811865476
263.3498459440444,323.8023008467668,50.000000000000256,-0.12586357700696782,-0.6958148891645041,-0.7071067811865476
260.40516880233235,324.27469727040983,50.00000000000032,-0.09810088802254147,-0.7002686739881977,-0.7071067811865476
257.44403891886435,324.6296503074668,50.00000000000037,-0.07018308184001829,-0.7036151895911837,-0.7071067811865476
254.47113841515187,324.86659847915394,50.00000000000041,-0.04215430231108365,-0.7058491445037429,-0.7071067811865476
251.49116805272814,324.98516692638105,50.000000000000426,-0.014058868674506671,-0.7069670064519227,-0.7071067811865476
248.50883979527003,324.98516801978656,50.00000000000043,0.01405879450719264,-0.706967007926823,-0.7071067811865476
245.5288693500168,324.8666016690398,50.00000000000041,0.04215422757084339,-0.7058491489673311,-0.7071067811865475
242.55596870136847,324.62965533001534,50.00000000000038,0.07018300602676424,-0.7036151971532787,-0.7071067811865476
239.59483864971807,324.274703709347,50.00000000000033,0.09810081077547737,-0.7002686848097622,-0.7071067811865476
236.6501613686158,323.802308166802,50.00000000000026,0.1258634981587495,-0.6958149034270842,-0.7071067811865475
233.7265929932795,323.21321581684106,50.000000000000185,0.15342716973687548,-0.6902608953044727,-0.7071067811865474
230.82875625325607,322.5083583316383,50.00000000000009,0.18074824168423143,-0.6836154424294836,-0.7071067811865476
227.9612331617153,321.6888504486697,50.0,0.20778351369521364,-0.6758890526088368,-0.7071067811865475
225.12855777343134,320.75598818674473,49.9999999999999,0.2344902372927816,-0.6670939428703989,-0.7071067811865476
222.33520902300756,319.7112467750099,49.99999999999981,0.26082618343196345,-0.6572440201601806,-0.7071067811865475
219.58560365434306,318.55627829999105,49.99999999999972,0.28674970929096755,-0.6463548593625221,-0.7071067811865475
216.88408925176117,317.29290907615064,49.999999999999645,0.3122198241429611,-0.6344436786761599,-0.7071067811865476
214.23493738264813,315.92313674570914,49.99999999999958,0.3371962542022685,-0.6215293123835425,-0.7071067811865476
211.6423368609146,314.4491271136281,49.99999999999953,0.3616395063397135,-0.6076321810555859,-0.7071067811865475
209.11038714012938,312.873210723679,49.9999999999995,0.38551093056315455,-0.5927742592389877,-0.7071067811865476
206.64309184480538,311.1978791814466,49.9999999999995,0.40877278116101007,-0.5769790406781629,-0.7071067811865475
204.24435244807438,309.4257812299667,49.99999999999952,0.43138827640872485,-0.5602715011287916,-0.7071067811865475
201.9179621038819,307.5597185834988,49.99999999999957,0.45332165674076474,-0.5426780588247586,-0.7071067811865476
199.66759964188668,305.6026415247239,49.99999999999963,0.47453824129379585,-0.5242265326648312,-0.7071067811865475
197.4968237334605,303.5576442704739,49.99999999999972,0.49500448273021397,-0.5049460981896914,-0.7071067811865476
195.40906723755714,301.42796011098454,49.99999999999983,0.5146880202550514,-0.4848672414238105,-0.7071067811865477
193.40763173573325,299.21695632765307,49.99999999999996,0.5335577307435184,-0.4640217106599941,-0.7071067811865475
191.4956822662497,296.928128894426,50.00000000000009,0.55158377790082,-0.4424424662672638,-0.7071067811865476
189.67624226791708,294.56509696827095,50.00000000000023,0.5687376593804375,-0.4201636286049298,-0.7071067811865475
187.95218874514134,292.13159717473144,50.00000000000036,0.5849922517915755,-0.39722042412723707,-0.7071067811865476
186.32624766642317,289.63147769535635,50.00000000000048,0.6003218535308307,-0.37364912976388454,-0.7071067811865475
184.8009896093139,287.06869216484716,50.00000000000058,0.6147022253772099,-0.3494870156619642,-0.7071067811865475
183.3788256654665,284.44729338708225,50.000000000000654,0.6281106287932358,-0.32477228637457056,-0.7071067811865476
182.06200361988022,281.7714268807579,50.00000000000069,0.6405258618779069,-0.2995440205805561,-0.7071067811865475
180.85260441864932,279.04532426720033,50.000000000000675,0.6519282929196047,-0.27384210941878556,-0.7071067811865475
179.75253893942684,276.2732965149288,50.00000000000061,0.6622998914985317,-0.24770719351894732,-0.7071067811865476
178.76354507833176,273.459727057729,50.00000000000049,0.6716242570888735,-0.22118059880970298,-0.7071067811865476
177.88718516610933,270.6090648052703,50.00000000000031,0.6798866451105507,-0.19430427118393445,-0.7071067811865476
177.1248437249442,267.7258170675869,50.000000000000085,0.6870739903791794,-0.1671207101003087,-0.7071067811865476
176.4777255753856,264.8145424169534,49.99999999999982,0.6931749279007439,-0.13967290120062167,-0.7071067811865476
175.94685430034775,261.8798435127125,49.999999999999524,0.6981798109546379,-0.11200424802366292,-0.7071067811865475
175.5330710700894,258.9263599163414,49.99999999999923,0.7020807264053154,-0.08415850289890278,-0.7071067811865476
175.23703382845778,255.95876092535224,49.99999999999898,0.704871507179084,-0.05617969710746464,-0.7071067811865476
175.05921683654321,252.98173845538273,49.9999999999988,0.706547741838875,-0.0281120704037704,-0.7071067811865476
174.99991056527574,249.99999999999886,49.99999999999877,0.7071067811865476,1.0590033113426125e-14,-0.7071067811865476
175.05921683654685,247.0182615445257,49.999999999998934,0.7065477418388405,0.028112070404633715,-0.7071067811865476
175.23703382846494,244.04123907455642,49.999999999999226,0.7048715071790154,0.05617969710832561,-0.7071067811865476
175.53307107010014,241.07364008356754,49.99999999999959,0.7020807264052127,0.08415850289976094,-0.7071067811865476
175.9468543003621,238.12015648719697,49.99999999999995,0.698179810954501,0.11200424802451599,-0.7071067811865476
176.47772557540355,235.1854575829568,50.00000000000029,0.6931749279005733,0.13967290120146839,-0.7071067811865476
177.12484372496584,232.2741829323241,50.000000000000576,0.6870739903789753,0.16712071010114757,-0.7071067811865476
177.88718516613457,229.39093519464163,50.00000000000079,0.6798866451103135,0.19430427118476493,-0.7071067811865476
178.76354507836064,226.54027294218403,50.00000000000093,0.6716242570886033,0.2211805988105234,-0.7071067811865476
179.75253893945933,223.72670348498548,50.000000000000995,0.662299891498229,0.24770719351975645,-0.7071067811865476
180.85260441868536,220.95467573271534,50.000000000000995,0.65192829291927,0.2738421094195824,-0.7071067811865475
182.06200361991975,218.2285731191593,50.000000000000924,0.6405258618775406,0.2995440205813395,-0.7071067811865476
183.37882566550942,215.55270661283663,50.0000000000008,0.6281106287928384,0.32477228637533895,-0.7071067811865476
184.8009896093601,212.93130783507348,50.00000000000065,0.614702225376782,0.3494870156627168,-0.7071067811865476
186.32624766647257,210.36852230456617,50.000000000000455,0.6003218535303728,0.3736491297646198,-0.7071067811865476
187.95218874519384,207.86840282519313,50.000000000000256,0.5849922517910888,0.39722042412795383,-0.7071067811865475
189.67624226797255,205.4349030316557,50.00000000000005,0.5687376593799225,0.42016362860562706,-0.7071067811865475
191.49568226630802,203.07187110550285,49.99999999999985,0.5515837779002772,0.44244246626794054,-0.7071067811865477
193.4076317357943,200.78304367227804,49.999999999999666,0.533557730742949,0.4640217106606487,-0.7071067811865476
195.40906723762083,198.5720398889489,49.99999999999951,0.5146880202544561,0.4848672414244427,-0.7071067811865475
197.49682373352667,196.44235572946207,49.999999999999375,0.4950044827295941,0.5049460981902991,-0.7071067811865476
199.6675996419552,194.39735847521467,49.99999999999928,0.47453824129315264,0.5242265326654132,-0.7071067811865476
201.91796210395276,192.44028141644233,49.999999999999226,0.45332165674009833,0.5426780588253154,-0.7071067811865476
204.24435244814737,190.5742187699772,49.999999999999204,0.4313882764080375,0.5602715011293209,-0.7071067811865475
206.64309184488044,188.8021208185001,49.99999999999922,0.4087727811603017,0.5769790406786647,-0.7071067811865476
209.11038714020643,187.12678927627053,49.99999999999927,0.3855109305624266,0.5927742592394611,-0.7071067811865475
211.6423368609935,185.55087288632444,49.999999999999346,0.3616395063389679,0.6076321810560298,-0.7071067811865476
214.23493738272873,184.0768632542465,49.99999999999945,0.3371962542015064,0.621529312383956,-0.7071067811865476
216.88408925184342,182.7070909238081,49.99999999999958,0.31221982414218274,0.6344436786765428,-0.7071067811865476
219.58560365442682,181.44372169997098,49.99999999999973,0.28674970929017535,0.6463548593628735,-0.7071067811865475
222.33520902309274,180.28875322495549,49.99999999999988,0.2608261834311579,0.6572440201605002,-0.7071067811865475
225.12855777351777,179.244011813224,50.000000000000036,0.23449023729196442,0.6670939428706861,-0.7071067811865477
227.96123316180288,178.31114955130255,50.000000000000185,0.20778351369438605,0.6758890526090914,-0.7071067811865476
230.82875625334466,177.49164166833748,50.00000000000033,0.18074824168339432,0.6836154424297051,-0.7071067811865476
233.72659299336897,176.78678418313837,50.000000000000455,0.15342716973603113,0.6902608953046602,-0.7071067811865477
236.65016136870602,176.19769183318107,50.00000000000056,0.12586349815789838,0.6958149034272382,-0.7071067811865476
239.59483864980888,175.7252962906397,50.00000000000064,0.0981008107746206,0.7002686848098822,-0.7071067811865475
242.55596870145973,175.37034466997517,50.000000000000696,0.07018300602590387,0.7036151971533645,-0.7071067811865475
245.52886935010835,175.13339833095438,50.000000000000725,0.042154227569979975,0.7058491489673827,-0.7071067811865476
248.50883979536178,175.01483198021134,50.000000000000725,0.014058794506327707,0.7069670079268402,-0.7071067811865476
251.49116805281986,175.01483307362065,50.000000000000696,-0.014058868675371294,0.7069670064519056,-0.7071067811865476
254.47113841524347,175.13340152085152,50.00000000000064,-0.042154302311947056,0.7058491445036914,-0.7071067811865475
257.44403891895564,175.37034969254233,50.000000000000554,-0.07018308184087879,0.7036151895910978,-0.7071067811865476
260.4051688024232,175.72530272960296,50.00000000000045,-0.09810088802339743,0.7002686739880779,-0.7071067811865475
263.3498459441346,176.19769915324966,50.00000000000032,-0.12586357700781864,0.6958148891643502,-0.7071067811865476
266.27341426717754,176.7867917735308,50.00000000000018,-0.1534272501240834,0.6902608774364676,-0.7071067811865476
269.1712510983068,177.49164889333576,50.00000000000003,-0.18074832330022167,0.6836154208501726,-0.7071067811865475
272.03877446976026,178.31115580421778,49.99999999999988,-0.20778359599120522,0.6758890273091904,-0.7071067811865476
274.8714503526039,179.2440165698166,49.99999999999973,-0.23449031951058372,0.667093913970008,-0.7071067811865476
277.66479981093363,180.28875609225594,49.999999999999595,-0.26082626465534975,0.6572439879268106,-0.7071067811865475
280.41440606680544,181.44372245660912,49.999999999999474,-0.28674978851481453,0.6463548242155459,-0.7071067811865475
283.1159214662715,182.70708954838165,49.999999999999375,-0.3122199003549028,0.6344436411710457,-0.7071067811865476
285.76507433733485,184.07685993892966,49.9999999999993,-0.33719632647025866,0.621529273176222,-0.7071067811865476
288.3576757309785,185.55086803381397,49.999999999999254,-0.3616395738979979,0.6076321408474659,-0.7071067811865477
290.88962603663583,187.1267834792447,49.99999999999925,-0.3855109928887684,0.5927742187055001,-0.7071067811865476
293.35692146354495,188.8021148219807,49.99999999999927,-0.40877283803315856,0.5769790003859042,-0.7071067811865475
295.75566037933936,190.57421341826952,49.999999999999325,-0.4313883279442711,0.5602714614483285,-0.7071067811865476
298.08204949697597,192.4402775876119,49.99999999999942,-0.45332170340055405,0.5426780198478839,-0.7071067811865476
300.33240990068424,194.39735700726555,49.999999999999545,-0.4745382838566328,0.5242264941362672,-0.7071067811865476
302.50318290105076,196.44235734342652,49.999999999999694,-0.49500452223390023,0.5049460594637691,-0.7071067811865476
304.5909357086488,198.57204511489454,49.999999999999865,-0.5146880579068311,0.4848672014563315,-0.7071067811865475
306.59236691482056,200.78305278471274,50.00000000000004,-0.5335577678053948,0.46402166804420303,-0.7071067811865475
308.5043117673488,203.07188407472378,50.00000000000023,-0.551583815558288,0.4424424193204814,-0.7071067811865475
310.32374722787455,205.43491949719078,50.000000000000405,-0.568737698605959,0.4201635755088695,-0.7071067811865476
312.04779679707804,207.8684220965601,50.00000000000056,-0.584992293216331,0.39722036312039494,-0.7071067811865475
313.6737350929084,210.36854339309684,50.00000000000068,-0.6003218973396369,0.37364905937863485,-0.7071067811865476
315.19899216658735,212.93132951849822,50.00000000000077,-0.6147022712416784,0.34948693499231415,-0.7071067811865475
316.62115754080213,215.55272753170857,50.00000000000079,-0.6281106758570077,0.3247721953530703,-0.7071067811865476
317.9379839545039,218.22859190105078,50.00000000000076,-0.6405259088048607,0.29954392023492554,-0.7071067811865475
319.14739079912033,220.95469113650125,50.000000000000654,-0.6519283380110785,0.27384200207074333,-0.7071067811865476
320.247467231828,223.7267145535327,50.00000000000048,-0.6622999328786964,0.2477070828799095,-0.7071067811865475
321.23647495287855,226.54027914750944,50.00000000000025,-0.6716242929483195,0.22118048992094685,-0.7071067811865476
322.1128506358666,229.3909365552334,49.999999999999964,-0.6798866739869509,0.1943041701430039,-0.7071067811865476
322.8752080023078,232.2741800780153,49.999999999999645,-0.6870740114406474,0.16712062351145404,-0.7071067811865475
323.5223395349708,235.18545173870132,49.999999999999325,-0.6931749411824676,0.1396728352854725,-0.7071067811865476
324.05321782807914,238.12014934354212,49.99999999999905,-0.6981798174828884,0.11200420732972857,-0.7071067811865476
324.4669965767357,241.07363351879226,49.99999999999889,-0.7020807281255046,0.08415848854846047,-0.7071067811865477
324.763011212691,244.04123469159794,49.99999999999892,-0.7048715065868227,0.05617970453840778,-0.7071067811865476
324.94077919878873,247.01825998522213,49.99999999999925,-0.7065477411957524,0.028112086567527377,-0.7071067811865476
