28.977774788672,7.764571353076,0.0,-0.25881904510298503,0.965925826288944,0.0
28.977774788672,7.764571353076,1.0,-0.25881904510298503,0.965925826288944,0.0
28.977774788672,7.764571353076,2.0,-0.25881904510298503,0.965925826288944,0.0
28.977774788672,7.764571353076,3.0,-0.25881904510298503,0.965925826288944,0.0
28.977774788672,7.764571353076,4.0,-0.25881904510298503,0.965925826288944,0.0
28.977774788672,7.764571353076,5.0,-0.25881904510298503,0.965925826288944,0.0
28.977774788672,7.764571353076,6.0,-0.25881904510298503,0.965925826288944,0.0
28.977774788672,7.764571353076,7.0,-0.25881904510298503,0.965925826288944,0.0
28.977774788672,7.764571353076,8.0,-0.25881904510298503,0.965925826288944,0.0
-15.000000000000073,25.980762113533117,0.0,0.0,0.0,1.0
-14.12615734467105,26.466047658719198,0.0,0.0,0.0,1.0
-13.236633037297182,26.921952860740483,0.0,0.0,0.0,1.0
-12.33241455170686,27.347971612623276,0.0,0.0,0.0,1.0
-11.414505673948733,27.743630984775443,0.0,0.0,0.0,1.0
-10.48392538797425,28.108491749992368,0.0,0.0,0.0,1.0
-9.54170674444881,28.442148871049458,0.0,0.0,0.0,1.0
-8.58889571394724,28.744231950339856,0.0,0.0,0.0,1.0
-7.626550025806707,29.01440564105816,0.0,0.0,0.0,1.0
-6.655737993926031,29.252370019473798,0.0,0.0,0.0,1.0
-5.677537330814943,29.45786091788069,0.0,0.0,0.0,1.0
-4.693033951209835,29.630650217853667,0.0,0.0,0.0,1.0
-3.703320766584024,29.770546103486033,0.0,0.0,0.0,1.0
-2.7094964718909065,29.877393274327176,0.0,0.0,0.0,1.0
-1.712664325886762,29.951073117783857,0.0,0.0,0.0,1.0
-0.7139309263872134,29.991503840793776,0.0,0.0,0.0,1.0
0.28559501818304966,29.998640560625226,0.0,0.0,0.0,1.0
1.284803919583566,29.972475354702063,0.0,0.0,0.0,1.0
2.2825865415280937,29.913037269398686,0.0,0.0,0.0,1.0
3.277835231063892,29.82039228779521,0.0,0.0,0.0,1.0
4.269445148193323,29.694643256428733,0.0,0.0,0.0,1.0
5.256315492372725,29.535929771121854,0.0,0.0,0.0,1.0
6.237350724527099,29.344428022015375,0.0,0.0,0.0,1.0
7.211461783223884,29.120350597977037,0.0,0.0,0.0,1.0
8.177567293655848,28.863946250603544,0.0,0.0,0.0,1.0
9.134594768090931,28.575499618077824,0.0,0.0,0.0,1.0
10.081481796456453,28.255330909188043,0.0,0.0,0.0,1.0
11.017177225735885,27.903795547859193,0.0,0.0,0.0,1.0
11.940642326869101,27.521283778591837,0.0,0.0,0.0,1.0
12.850851947860539,27.108220233246026,0.0,0.0,0.0,1.0
13.746795651815296,26.665063459651325,0.0,0.0,0.0,1.0
14.627478838639771,26.192305412566224,0.0,0.0,0.0,1.0
15.491923849161651,25.690470907552015,0.0,0.0,0.0,1.0
16.33917105044354,25.160117038367446,0.0,0.0,0.0,1.0
17.168279901085363,24.601832558530848,0.0,0.0,0.0,1.0
17.97832999533305,24.016237227736323,0.0,0.0,0.0,1.0
18.768422084834267,23.40398112384954,0.0,0.0,0.0,1.0
19.53767907690708,22.76574392124684,0.0,0.0,0.0,1.0
20.28524700821323,22.102234136298893,0.0,0.0,0.0,1.0
21.010295992755243,21.414188340836393,0.0,0.0,0.0,1.0
21.712021143144867,20.702370344470957,0.0,0.0,0.0,1.0
22.389643464120255,19.96757034667907,0.0,0.0,0.0,1.0
23.042410717319907,19.210604059590136,0.0,0.0,0.0,1.0
23.669598256353353,18.432311802452627,0.0,0.0,0.0,1.0
24.27050983124164,17.633557568783527,0.0,0.0,0.0,1.0
24.844478361334513,16.815228067236596,0.0,0.0,0.0,1.0
25.39086667584631,15.978231737254205,0.0,0.0,0.0,1.0
25.9090682211885,15.1234977405956,0.0,0.0,0.0,1.0
26.398507734313622,14.251974929860918,0.0,0.0,0.0,1.0
26.858641881323095,13.364630795156188,0.0,0.0,0.0,1.0
27.28895986063011,12.462450390068515,0.0,0.0,0.0,1.0
27.68898397000783,11.546435238143836,0.0,0.0,0.0,1.0
28.05827013689358,10.617602221081095,0.0,0.0,0.0,1.0
28.396408411360227,9.676982449877157,0.0,0.0,0.0,1.0
28.70302342120754,8.725620120175503,0.0,0.0,0.0,1.0
28.977774788668324,7.764571353089547,0.0,0.0,0.0,1.0
-15.0,25.980762113533,0.0,0.866025403784329,0.50000000000019,-0.0
-15.0,25.980762113533,1.0,0.866025403784329,0.50000000000019,-0.0
-15.0,25.980762113533,2.0,0.866025403784329,0.50000000000019,-0.0
-15.0,25.980762113533,3.0,0.866025403784329,0.50000000000019,-0.0
-15.0,25.980762113533,4.0,0.866025403784329,0.50000000000019,-0.0
-15.0,25.980762113533,5.0,0.866025403784329,0.50000000000019,-0.0
-15.0,25.980762113533,6.0,0.866025403784329,0.50000000000019,-0.0
-15.0,25.980762113533,7.0,0.866025403784329,0.50000000000019,-0.0
-15.0,25.980762113533,8.0,0.866025403784329,0.50000000000019,-0.0
28.977774788668324,7.764571353089547,8.0,-0.0,0.0,-1.0
28.703023421207536,8.725620120175515,8.0,-0.0,0.0,-1.0
28.39640841136022,9.676982449877169,8.0,-0.0,0.0,-1.0
28.058270136893572,10.617602221081107,8.0,-0.0,0.0,-1.0
27.688983970007826,11.546435238143841,8.0,-0.0,0.0,-1.0
27.288959860630108,12.462450390068522,8.0,-0.0,0.0,-1.0
26.858641881323095,13.364630795156195,8.0,-0.0,0.0,-1.0
26.39850773431362,14.251974929860928,8.0,-0.0,0.0,-1.0
25.9090682211885,15.123497740595608,8.0,-0.0,0.0,-1.0
25.390866675846308,15.978231737254212,8.0,-0.0,0.0,-1.0
24.844478361334506,16.815228067236603,8.0,-0.0,0.0,-1.0
24.270509831241636,17.633557568783537,8.0,-0.0,0.0,-1.0
23.66959825635335,18.432311802452634,8.0,-0.0,0.0,-1.0
23.0424107173199,19.210604059590143,8.0,-0.0,0.0,-1.0
22.389643464120248,19.96757034667908,8.0,-0.0,0.0,-1.0
21.712021143144856,20.702370344470967,8.0,-0.0,0.0,-1.0
21.010295992755236,21.414188340836393,8.0,-0.0,0.0,-1.0
20.28524700821323,22.1022341362989,8.0,-0.0,0.0,-1.0
19.53767907690707,22.765743921246845,8.0,-0.0,0.0,-1.0
18.76842208483426,23.403981123849544,8.0,-0.0,0.0,-1.0
17.978329995333038,24.016237227736333,8.0,-0.0,0.0,-1.0
17.168279901085352,24.60183255853085,8.0,-0.0,0.0,-1.0
16.33917105044353,25.16011703836745,8.0,-0.0,0.0,-1.0
15.49192384916164,25.690470907552022,8.0,-0.0,0.0,-1.0
14.627478838639762,26.192305412566228,8.0,-0.0,0.0,-1.0
13.746795651815287,26.66506345965133,8.0,-0.0,0.0,-1.0
12.85085194786053,27.10822023324603,8.0,-0.0,0.0,-1.0
11.940642326869092,27.52128377859184,8.0,-0.0,0.0,-1.0
11.017177225735875,27.903795547859197,8.0,-0.0,0.0,-1.0
10.08148179645644,28.255330909188046,8.0,-0.0,0.0,-1.0
9.134594768090924,28.575499618077824,8.0,-0.0,0.0,-1.0
8.177567293655835,28.863946250603544,8.0,-0.0,0.0,-1.0
7.2114617832238705,29.120350597977037,8.0,-0.0,0.0,-1.0
6.237350724527087,29.34442802201538,8.0,-0.0,0.0,-1.0
5.256315492372712,29.53592977112186,8.0,-0.0,0.0,-1.0
4.2694451481933084,29.694643256428737,8.0,-0.0,0.0,-1.0
3.277835231063884,29.820392287795215,8.0,-0.0,0.0,-1.0
2.2825865415280866,29.913037269398686,8.0,-0.0,0.0,-1.0
1.2848039195835599,29.972475354702066,8.0,-0.0,0.0,-1.0
0.28559501818304256,29.998640560625223,8.0,-0.0,0.0,-1.0
-0.7139309263872268,29.991503840793776,8.0,-0.0,0.0,-1.0
-1.7126643258867753,29.951073117783857,8.0,-0.0,0.0,-1.0
-2.709496471890919,29.877393274327172,8.0,-0.0,0.0,-1.0
-3.703320766584037,29.77054610348603,8.0,-0.0,0.0,-1.0
-4.693033951209849,29.630650217853667,8.0,-0.0,0.0,-1.0
-5.677537330814956,29.457860917880687,8.0,-0.0,0.0,-1.0
-6.655737993926038,29.252370019473798,8.0,-0.0,0.0,-1.0
-7.626550025806714,29.01440564105816,8.0,-0.0,0.0,-1.0
-8.588895713947247,28.744231950339852,8.0,-0.0,0.0,-1.0
-9.541706744448817,28.442148871049454,8.0,-0.0,0.0,-1.0
-10.483925387974256,28.108491749992364,8.0,-0.0,0.0,-1.0
-11.414505673948739,27.74363098477544,8.0,-0.0,0.0,-1.0
-12.332414551706872,27.347971612623272,8.0,-0.0,0.0,-1.0
-13.236633037297192,26.921952860740475,8.0,-0.0,0.0,-1.0
-14.126157344671064,26.46604765871919,8.0,-0.0,0.0,-1.0
-15.000000000000073,25.980762113533117,8.0,-0.0,0.0,-1.0
